ID,Name,Date
ID0001,Name 1,2020-01-01 00:00:00
ID0002,Name 2,2020-01-02 00:00:00
ID0003,Name 3,2020-01-03 00:00:00
ID0004,Name 4,2020-01-04 00:00:00
ID0005,Name 5,2020-01-05 00:00:00
ID0006,Name 6,2020-01-06 00:00:00
ID0007,Name 7,2020-01-07 00:00:00
ID0008,Name 8,2020-01-08 00:00:00
ID0009,Name 9,2020-01-09 00:00:00
ID0010,Name 10,2020-01-10 00:00:00
ID0011,Name 11,2020-01-11 00:00:00
ID0012,Name 12,2020-01-12 00:00:00
ID0013,Name 13,2020-01-13 00:00:00
ID0014,Name 14,2020-01-14 00:00:00
ID0015,Name 15,2020-01-15 00:00:00
ID0016,Name 16,2020-01-16 00:00:00
ID0017,Name 17,2020-01-17 00:00:00
ID0018,Name 18,2020-01-18 00:00:00
ID0019,Name 19,2020-01-19 00:00:00
ID0020,Name 20,2020-01-20 00:00:00
ID0021,Name 21,2020-01-21 00:00:00
ID0022,Name 22,2020-01-22 00:00:00
ID0023,Name 23,2020-01-23 00:00:00
ID0024,Name 24,2020-01-24 00:00:00
ID0025,Name 25,2020-01-25 00:00:00
ID0026,Name 26,2020-01-26 00:00:00
ID0027,Name 27,2020-01-27 00:00:00
ID0028,Name 28,2020-01-28 00:00:00
ID0029,Name 29,2020-01-29 00:00:00
ID0030,Name 30,2020-01-30 00:00:00
ID0031,Name 31,2020-01-31 00:00:00
ID0032,Name 32,2020-02-01 00:00:00
ID0033,Name 33,2020-02-02 00:00:00
ID0034,Name 34,2020-02-03 00:00:00
ID0035,Name 35,2020-02-04 00:00:00
ID0036,Name 36,2020-02-05 00:00:00
ID0037,Name 37,2020-02-06 00:00:00
ID0038,Name 38,2020-02-07 00:00:00
ID0039,Name 39,2020-02-08 00:00:00
ID0040,Name 40,2020-02-09 00:00:00
ID0041,Name 41,2020-02-10 00:00:00
ID0042,Name 42,2020-02-11 00:00:00
ID0043,Name 43,2020-02-12 00:00:00
ID0044,Name 44,2020-02-13 00:00:00
ID0045,Name 45,2020-02-14 00:00:00
ID0046,Name 46,2020-02-15 00:00:00
ID0047,Name 47,2020-02-16 00:00:00
ID0048,Name 48,2020-02-17 00:00:00
ID0049,Name 49,2020-02-18 00:00:00
ID0050,Name 50,2020-02-19 00:00:00
ID0051,Name 51,2020-02-20 00:00:00
ID0052,Name 52,2020-02-21 00:00:00
ID0053,Name 53,2020-02-22 00:00:00
ID0054,Name 54,2020-02-23 00:00:00
ID0055,Name 55,2020-02-24 00:00:00
ID0056,Name 56,2020-02-25 00:00:00
ID0057,Name 57,2020-02-26 00:00:00
ID0058,Name 58,2020-02-27 00:00:00
ID0059,Name 59,2020-02-28 00:00:00
ID0060,Name 60,2020-02-29 00:00:00
ID0061,Name 61,2020-03-01 00:00:00
ID0062,Name 62,2020-03-02 00:00:00
ID0063,Name 63,2020-03-03 00:00:00
ID0064,Name 64,2020-03-04 00:00:00
ID0065,Name 65,2020-03-05 00:00:00
ID0066,Name 66,2020-03-06 00:00:00
ID0067,Name 67,2020-03-07 00:00:00
ID0068,Name 68,2020-03-08 00:00:00
ID0069,Name 69,2020-03-09 00:00:00
ID0070,Name 70,2020-03-10 00:00:00
ID0071,Name 71,2020-03-11 00:00:00
ID0072,Name 72,2020-03-12 00:00:00
ID0073,Name 73,2020-03-13 00:00:00
ID0074,Name 74,2020-03-14 00:00:00
ID0075,Name 75,2020-03-15 00:00:00
ID0076,Name 76,2020-03-16 00:00:00
ID0077,Name 77,2020-03-17 00:00:00
ID0078,Name 78,2020-03-18 00:00:00
ID0079,Name 79,2020-03-19 00:00:00
ID0080,Name 80,2020-03-20 00:00:00
ID0081,Name 81,2020-03-21 00:00:00
ID0082,Name 82,2020-03-22 00:00:00
ID0083,Name 83,2020-03-23 00:00:00
ID0084,Name 84,2020-03-24 00:00:00
ID0085,Name 85,2020-03-25 00:00:00
ID0086,Name 86,2020-03-26 00:00:00
ID0087,Name 87,2020-03-27 00:00:00
ID0088,Name 88,2020-03-28 00:00:00
ID0089,Name 89,2020-03-29 00:00:00
ID0090,Name 90,2020-03-30 00:00:00
ID0091,Name 91,2020-03-31 00:00:00
ID0092,Name 92,2020-04-01 00:00:00
ID0093,Name 93,2020-04-02 00:00:00
ID0094,Name 94,2020-04-03 00:00:00
ID0095,Name 95,2020-04-04 00:00:00
ID0096,Name 96,2020-04-05 00:00:00
ID0097,Name 97,2020-04-06 00:00:00
ID0098,Name 98,2020-04-07 00:00:00
ID0099,Name 99,2020-04-08 00:00:00
ID0100,Name 100,2020-04-09 00:00:00
ID0101,Name 101,2020-04-10 00:00:00
ID0102,Name 102,2020-04-11 00:00:00
ID0103,Name 103,2020-04-12 00:00:00
ID0104,Name 104,2020-04-13 00:00:00
ID0105,Name 105,2020-04-14 00:00:00
ID0106,Name 106,2020-04-15 00:00:00
ID0107,Name 107,2020-04-16 00:00:00
ID0108,Name 108,2020-04-17 00:00:00
ID0109,Name 109,2020-04-18 00:00:00
ID0110,Name 110,2020-04-19 00:00:00
ID0111,Name 111,2020-04-20 00:00:00
ID0112,Name 112,2020-04-21 00:00:00
ID0113,Name 113,2020-04-22 00:00:00
ID0114,Name 114,2020-04-23 00:00:00
ID0115,Name 115,2020-04-24 00:00:00
ID0116,Name 116,2020-04-25 00:00:00
ID0117,Name 117,2020-04-26 00:00:00
ID0118,Name 118,2020-04-27 00:00:00
ID0119,Name 119,2020-04-28 00:00:00
ID0120,Name 120,2020-04-29 00:00:00
ID0121,Name 121,2020-04-30 00:00:00
ID0122,Name 122,2020-05-01 00:00:00
ID0123,Name 123,2020-05-02 00:00:00
ID0124,Name 124,2020-05-03 00:00:00
ID0125,Name 125,2020-05-04 00:00:00
ID0126,Name 126,2020-05-05 00:00:00
ID0127,Name 127,2020-05-06 00:00:00
ID0128,Name 128,2020-05-07 00:00:00
ID0129,Name 129,2020-05-08 00:00:00
ID0130,Name 130,2020-05-09 00:00:00
ID0131,Name 131,2020-05-10 00:00:00
ID0132,Name 132,2020-05-11 00:00:00
ID0133,Name 133,2020-05-12 00:00:00
ID0134,Name 134,2020-05-13 00:00:00
ID0135,Name 135,2020-05-14 00:00:00
ID0136,Name 136,2020-05-15 00:00:00
ID0137,Name 137,2020-05-16 00:00:00
ID0138,Name 138,2020-05-17 00:00:00
ID0139,Name 139,2020-05-18 00:00:00
ID0140,Name 140,2020-05-19 00:00:00
ID0141,Name 141,2020-05-20 00:00:00
ID0142,Name 142,2020-05-21 00:00:00
ID0143,Name 143,2020-05-22 00:00:00
ID0144,Name 144,2020-05-23 00:00:00
ID0145,Name 145,2020-05-24 00:00:00
ID0146,Name 146,2020-05-25 00:00:00
ID0147,Name 147,2020-05-26 00:00:00
ID0148,Name 148,2020-05-27 00:00:00
ID0149,Name 149,2020-05-28 00:00:00
ID0150,Name 150,2020-05-29 00:00:00
ID0151,Name 151,2020-05-30 00:00:00
ID0152,Name 152,2020-05-31 00:00:00
ID0153,Name 153,2020-06-01 00:00:00
ID0154,Name 154,2020-06-02 00:00:00
ID0155,Name 155,2020-06-03 00:00:00
ID0156,Name 156,2020-06-04 00:00:00
ID0157,Name 157,2020-06-05 00:00:00
ID0158,Name 158,2020-06-06 00:00:00
ID0159,Name 159,2020-06-07 00:00:00
ID0160,Name 160,2020-06-08 00:00:00
ID0161,Name 161,2020-06-09 00:00:00
ID0162,Name 162,2020-06-10 00:00:00
ID0163,Name 163,2020-06-11 00:00:00
ID0164,Name 164,2020-06-12 00:00:00
ID0165,Name 165,2020-06-13 00:00:00
ID0166,Name 166,2020-06-14 00:00:00
ID0167,Name 167,2020-06-15 00:00:00
ID0168,Name 168,2020-06-16 00:00:00
ID0169,Name 169,2020-06-17 00:00:00
ID0170,Name 170,2020-06-18 00:00:00
ID0171,Name 171,2020-06-19 00:00:00
ID0172,Name 172,2020-06-20 00:00:00
ID0173,Name 173,2020-06-21 00:00:00
ID0174,Name 174,2020-06-22 00:00:00
ID0175,Name 175,2020-06-23 00:00:00
ID0176,Name 176,2020-06-24 00:00:00
ID0177,Name 177,2020-06-25 00:00:00
ID0178,Name 178,2020-06-26 00:00:00
ID0179,Name 179,2020-06-27 00:00:00
ID0180,Name 180,2020-06-28 00:00:00
ID0181,Name 181,2020-06-29 00:00:00
ID0182,Name 182,2020-06-30 00:00:00
ID0183,Name 183,2020-07-01 00:00:00
ID0184,Name 184,2020-07-02 00:00:00
ID0185,Name 185,2020-07-03 00:00:00
ID0186,Name 186,2020-07-04 00:00:00
ID0187,Name 187,2020-07-05 00:00:00
ID0188,Name 188,2020-07-06 00:00:00
ID0189,Name 189,2020-07-07 00:00:00
ID0190,Name 190,2020-07-08 00:00:00
ID0191,Name 191,2020-07-09 00:00:00
ID0192,Name 192,2020-07-10 00:00:00
ID0193,Name 193,2020-07-11 00:00:00
ID0194,Name 194,2020-07-12 00:00:00
ID0195,Name 195,2020-07-13 00:00:00
ID0196,Name 196,2020-07-14 00:00:00
ID0197,Name 197,2020-07-15 00:00:00
ID0198,Name 198,2020-07-16 00:00:00
ID0199,Name 199,2020-07-17 00:00:00
ID0200,Name 200,2020-07-18 00:00:00
