customer_id,customer_zip_code_prefix,customer_city,customer_state
C001,660667,Delhi,TN
C002,540714,Chennai,MH
C003,282799,Bangalore,MH
C004,115572,Chennai,TS
C005,384760,Delhi,DL
C006,184544,Chennai,MH
C007,995646,Bangalore,DL
C008,860626,Mumbai,DL
C009,159761,Bangalore,DL
C010,999343,Chennai,KA
C011,291606,Delhi,MH
C012,152289,Hyderabad,KA
C013,652456,Delhi,DL
C014,108543,Hyderabad,TS
C015,774532,Hyderabad,MH
C016,597122,Delhi,MH
C017,461791,Hyderabad,KA
C018,830284,Chennai,MH
C019,663947,Mumbai,TS
C020,399016,Chennai,TS
C021,392210,Delhi,TN
C022,582798,Bangalore,DL
C023,555321,Hyderabad,TN
C024,890610,Bangalore,TS
C025,881244,Bangalore,KA
C026,160589,Chennai,DL
C027,652230,Mumbai,DL
C028,100514,Mumbai,KA
C029,631423,Mumbai,TN
C030,789399,Delhi,KA
C031,707811,Hyderabad,TS
C032,611841,Bangalore,KA
C033,752132,Delhi,DL
C034,655624,Delhi,TN
C035,664937,Hyderabad,DL
C036,608664,Chennai,DL
C037,151703,Chennai,TS
C038,934756,Bangalore,KA
C039,347446,Mumbai,MH
C040,126283,Chennai,DL
C041,483214,Bangalore,TS
C042,476187,Delhi,DL
C043,328224,Delhi,DL
C044,341889,Delhi,TS
C045,343180,Mumbai,TN
C046,931011,Chennai,TS
C047,834447,Bangalore,TS
C048,758117,Delhi,KA
C049,609747,Delhi,TN
C050,386591,Delhi,KA
C051,777125,Hyderabad,DL
C052,256286,Hyderabad,MH
C053,230355,Bangalore,TN
C054,917995,Hyderabad,TN
C055,759376,Chennai,MH
C056,798170,Delhi,TS
C057,360672,Mumbai,TS
C058,977872,Mumbai,KA
C059,849876,Chennai,MH
C060,629137,Chennai,TN
C061,308877,Chennai,TN
C062,382639,Delhi,MH
C063,524501,Bangalore,TS
C064,372965,Chennai,MH
C065,881263,Mumbai,MH
C066,671256,Chennai,MH
C067,513129,Chennai,TS
C068,796114,Delhi,DL
C069,661151,Delhi,MH
C070,830841,Bangalore,DL
C071,779001,Hyderabad,KA
C072,941559,Delhi,DL
C073,125543,Mumbai,TN
C074,785356,Delhi,DL
C075,624908,Chennai,KA
C076,550827,Chennai,TN
C077,967230,Mumbai,TS
C078,995888,Bangalore,TN
C079,207159,Chennai,MH
C080,408220,Chennai,TN
C081,174476,Mumbai,TS
C082,995457,Chennai,DL
C083,242337,Chennai,DL
C084,402942,Bangalore,KA
C085,246535,Chennai,DL
C086,710668,Delhi,TN
C087,224802,Delhi,TN
C088,508551,Hyderabad,MH
C089,157826,Mumbai,DL
C090,692632,Delhi,DL
C091,437616,Hyderabad,TN
C092,783240,Bangalore,MH
C093,887410,Chennai,TS
C094,767910,Bangalore,MH
C095,629804,Bangalore,KA
C096,229846,Hyderabad,TS
C097,293635,Hyderabad,MH
C098,675592,Delhi,DL
C099,785334,Hyderabad,KA
C100,199721,Mumbai,DL
