order_id,customer_id,order_purchase_timestamp,order_approved_at
O001,C088,2026-01-24,2026-01-24 03:00:00
O002,C083,2026-01-04,2026-01-04 02:00:00
O003,C064,2026-01-20,2026-01-20 03:00:00
O004,C002,2026-01-25,2026-01-25 03:00:00
O005,C032,2026-01-22,2026-01-22 02:00:00
O006,C098,2026-01-31,2026-01-31 05:00:00
O007,C009,2026-01-03,2026-01-03 05:00:00
O008,C006,2026-01-26,2026-01-26 02:00:00
O009,C062,2026-01-11,2026-01-11 03:00:00
O010,C012,2026-01-23,2026-01-23 01:00:00
O011,C092,2026-01-17,2026-01-17 05:00:00
O012,C059,2026-01-05,2026-01-05 05:00:00
O013,C075,2026-01-17,2026-01-17 04:00:00
O014,C010,2026-01-20,2026-01-20 02:00:00
O015,C026,2026-01-22,2026-01-22 05:00:00
O016,C090,2026-01-05,2026-01-05 03:00:00
O017,C036,2026-01-20,2026-01-20 01:00:00
O018,C007,2026-01-06,2026-01-06 04:00:00
O019,C092,2026-01-11,2026-01-11 01:00:00
O020,C064,2026-01-10,2026-01-10 05:00:00
O021,C075,2026-01-11,2026-01-11 01:00:00
O022,C030,2026-01-13,2026-01-13 03:00:00
O023,C064,2026-01-19,2026-01-19 04:00:00
O024,C050,2026-01-25,2026-01-25 01:00:00
O025,C051,2026-01-05,2026-01-05 05:00:00
O026,C029,2026-01-30,2026-01-30 05:00:00
O027,C088,2026-01-16,2026-01-16 02:00:00
O028,C019,2026-01-29,2026-01-29 04:00:00
O029,C032,2026-01-15,2026-01-15 05:00:00
O030,C064,2026-01-08,2026-01-08 01:00:00
O031,C010,2026-01-13,2026-01-13 05:00:00
O032,C046,2026-01-08,2026-01-08 02:00:00
O033,C079,2026-01-24,2026-01-24 03:00:00
O034,C100,2026-01-23,2026-01-23 05:00:00
O035,C060,2026-01-17,2026-01-17 02:00:00
O036,C043,2026-01-10,2026-01-10 01:00:00
O037,C094,2026-01-19,2026-01-19 01:00:00
O038,C097,2026-01-10,2026-01-10 02:00:00
O039,C028,2026-01-08,2026-01-08 05:00:00
O040,C059,2026-01-22,2026-01-22 05:00:00
O041,C051,2026-01-31,2026-01-31 05:00:00
O042,C051,2026-01-01,2026-01-01 05:00:00
O043,C012,2026-01-10,2026-01-10 01:00:00
O044,C060,2026-01-25,2026-01-25 03:00:00
O045,C007,2026-01-21,2026-01-21 04:00:00
O046,C076,2026-01-17,2026-01-17 01:00:00
O047,C036,2026-01-13,2026-01-13 01:00:00
O048,C062,2026-01-13,2026-01-13 02:00:00
O049,C070,2026-01-22,2026-01-22 05:00:00
O050,C004,2026-01-22,2026-01-22 03:00:00
O051,C089,2026-01-18,2026-01-18 03:00:00
O052,C007,2026-01-01,2026-01-01 03:00:00
O053,C002,2026-01-09,2026-01-09 05:00:00
O054,C006,2026-01-23,2026-01-23 04:00:00
O055,C047,2026-01-01,2026-01-01 04:00:00
O056,C084,2026-01-10,2026-01-10 02:00:00
O057,C023,2026-01-18,2026-01-18 04:00:00
O058,C095,2026-01-12,2026-01-12 04:00:00
O059,C001,2026-01-02,2026-01-02 05:00:00
O060,C087,2026-01-13,2026-01-13 01:00:00
O061,C094,2026-01-08,2026-01-08 04:00:00
O062,C031,2026-01-20,2026-01-20 01:00:00
O063,C067,2026-01-21,2026-01-21 02:00:00
O064,C072,2026-01-25,2026-01-25 03:00:00
O065,C040,2026-01-30,2026-01-30 04:00:00
O066,C047,2026-01-16,2026-01-16 01:00:00
O067,C073,2026-01-22,2026-01-22 05:00:00
O068,C087,2026-01-07,2026-01-07 02:00:00
O069,C025,2026-01-02,2026-01-02 03:00:00
O070,C057,2026-01-29,2026-01-29 05:00:00
O071,C017,2026-01-17,2026-01-17 02:00:00
O072,C026,2026-01-12,2026-01-12 04:00:00
O073,C016,2026-01-13,2026-01-13 03:00:00
O074,C051,2026-01-04,2026-01-04 01:00:00
O075,C054,2026-01-12,2026-01-12 03:00:00
O076,C048,2026-01-19,2026-01-19 04:00:00
O077,C058,2026-01-31,2026-01-31 04:00:00
O078,C049,2026-01-10,2026-01-10 05:00:00
O079,C098,2026-01-08,2026-01-08 03:00:00
O080,C018,2026-01-13,2026-01-13 04:00:00
O081,C078,2026-01-11,2026-01-11 01:00:00
O082,C071,2026-01-15,2026-01-15 05:00:00
O083,C038,2026-01-14,2026-01-14 01:00:00
O084,C091,2026-01-16,2026-01-16 03:00:00
O085,C080,2026-01-17,2026-01-17 05:00:00
O086,C096,2026-01-30,2026-01-30 01:00:00
O087,C081,2026-01-09,2026-01-09 04:00:00
O088,C001,2026-01-26,2026-01-26 03:00:00
O089,C021,2026-01-24,2026-01-24 05:00:00
O090,C070,2026-01-05,2026-01-05 05:00:00
O091,C077,2026-01-28,2026-01-28 04:00:00
O092,C069,2026-01-26,2026-01-26 02:00:00
O093,C097,2026-01-26,2026-01-26 03:00:00
O094,C077,2026-01-03,2026-01-03 04:00:00
O095,C077,2026-01-03,2026-01-03 01:00:00
O096,C019,2026-01-05,2026-01-05 05:00:00
O097,C017,2026-01-13,2026-01-13 02:00:00
O098,C032,2026-01-21,2026-01-21 01:00:00
O099,C100,2026-01-26,2026-01-26 01:00:00
O100,C017,2026-01-17,2026-01-17 02:00:00
