order_id,product_id,seller_id,price,shipping_charges,Calculation_1930355452693524480
O001,P036,S009,2749,169,2474.1
O002,P037,S003,3400,60,3060.0
O003,P019,S003,4782,41,4303.8
O004,P094,S003,3105,98,2794.5
O005,P097,S009,233,190,209.7
O006,P088,S007,1922,87,1729.8
O007,P046,S009,4611,67,4149.9
O008,P029,S008,1421,94,1278.9
O009,P002,S005,1962,50,1765.8
O010,P093,S007,4879,194,4391.1
O011,P085,S002,691,61,621.9
O012,P092,S009,640,143,576.0
O013,P004,S005,2448,134,2203.2
O014,P066,S002,291,99,261.9
O015,P076,S010,1011,62,909.9
O016,P094,S007,1527,180,1374.3
O017,P048,S003,2503,31,2252.7
O018,P100,S003,2244,128,2019.6
O019,P064,S009,2664,36,2397.6
O020,P018,S007,3722,21,3349.8
O021,P096,S007,136,90,122.4
O022,P026,S006,1830,90,1647.0
O023,P012,S001,402,126,361.8
O024,P032,S007,2091,122,1881.9
O025,P088,S007,1826,142,1643.4
O026,P022,S004,2404,147,2163.6
O027,P085,S010,3305,77,2974.5
O028,P068,S006,235,54,211.5
O029,P021,S002,1789,186,1610.1
O030,P021,S006,200,76,180.0
O031,P033,S007,2674,27,2406.6
O032,P075,S006,2205,75,1984.5
O033,P030,S009,2904,174,2613.6
O034,P061,S006,4503,52,4052.7
O035,P091,S009,4770,115,4293.0
O036,P096,S007,3467,81,3120.3
O037,P100,S008,759,115,683.1
O038,P033,S003,2788,105,2509.2
O039,P064,S010,2407,161,2166.3
O040,P027,S010,1811,102,1629.9
O041,P016,S010,2188,145,1969.2
O042,P062,S007,2519,103,2267.1
O043,P031,S008,1248,167,1123.2
O044,P095,S001,1288,11,1159.2
O045,P057,S005,1638,183,1474.2
O046,P033,S007,318,41,286.2
O047,P036,S003,1276,29,1148.4
O048,P001,S002,1942,155,1747.8
O049,P074,S005,3638,119,3274.2
O050,P070,S002,2683,22,2414.7
O051,P057,S001,2680,58,2412.0
O052,P044,S006,665,81,598.5
O053,P012,S002,3217,173,2895.3
O054,P053,S003,4114,187,3702.6
O055,P083,S004,3383,101,3044.7
O056,P018,S008,1301,155,1170.9
O057,P086,S007,2412,42,2170.8
O058,P049,S009,4379,88,3941.1
O059,P002,S004,3904,184,3513.6
O060,P059,S004,1909,95,1718.1
O061,P008,S005,2396,181,2156.4
O062,P037,S006,921,84,828.9
O063,P076,S006,4799,22,4319.1
O064,P013,S004,4693,168,4223.7
O065,P004,S005,1044,164,939.6
O066,P026,S001,286,101,257.4
O067,P016,S006,1353,134,1217.7
O068,P053,S005,4863,174,4376.7
O069,P098,S009,481,141,432.9
O070,P013,S001,1762,176,1585.8
O071,P044,S007,1372,48,1234.8
O072,P077,S002,2119,83,1907.1
O073,P089,S001,206,104,185.4
O074,P033,S003,2923,155,2630.7
O075,P081,S009,4431,130,3987.9
O076,P014,S002,2466,78,2219.4
O077,P073,S009,4978,53,4480.2
O078,P092,S001,3295,65,2965.5
O079,P040,S006,3575,105,3217.5
O080,P100,S003,182,22,163.8
O081,P093,S005,474,119,426.6
O082,P080,S008,2408,10,2167.2
O083,P002,S001,3819,119,3437.1
O084,P083,S010,193,164,173.7
O085,P030,S010,2635,192,2371.5
O086,P079,S002,2052,137,1846.8
O087,P096,S001,802,17,721.8
O088,P028,S007,3809,89,3428.1
O089,P024,S010,2042,48,1837.8
O090,P062,S001,2326,58,2093.4
O091,P065,S001,4443,95,3998.7
O092,P010,S006,4044,188,3639.6
O093,P035,S007,1093,125,983.7
O094,P020,S003,3905,194,3514.5
O095,P085,S004,2084,86,1875.6
O096,P039,S005,4390,109,3951.0
O097,P096,S005,3216,162,2894.4
O098,P032,S010,185,92,166.5
O099,P013,S002,4359,77,3923.1
O100,P029,S005,1784,171,1605.6
