product_id,product_category_name,product_weight_g,product_length_cm,product_height_cm,product_width_cm
P001,Clothing,692,16,42,28
P002,Toys,197,40,43,35
P003,Electronics,3019,54,48,45
P004,Electronics,520,56,24,27
P005,Clothing,1772,85,38,37
P006,Electronics,3083,37,27,45
P007,Electronics,3865,46,18,7
P008,Electronics,1226,91,25,48
P009,Home,4282,61,10,15
P010,Books,3479,38,43,43
P011,Toys,2979,78,15,10
P012,Books,3526,79,32,27
P013,Books,1990,76,33,26
P014,Electronics,1594,44,45,26
P015,Toys,4227,85,12,15
P016,Toys,2338,50,12,21
P017,Home,3885,51,41,10
P018,Electronics,1605,77,33,8
P019,Home,4055,57,38,5
P020,Home,2120,34,22,24
P021,Home,802,97,44,46
P022,Home,2390,58,50,37
P023,Home,3183,18,19,14
P024,Clothing,1068,98,29,50
P025,Electronics,4052,88,46,8
P026,Books,574,99,44,6
P027,Toys,3797,38,26,34
P028,Clothing,128,86,20,15
P029,Home,2300,93,22,25
P030,Clothing,338,91,45,16
P031,Electronics,4576,94,13,47
P032,Home,2764,39,40,15
P033,Home,2653,96,25,39
P034,Toys,2088,54,34,28
P035,Home,2685,40,43,49
P036,Clothing,434,52,30,35
P037,Home,722,43,47,6
P038,Books,2185,52,15,39
P039,Books,1510,61,47,8
P040,Home,4297,65,46,31
P041,Clothing,4346,80,21,5
P042,Electronics,1313,45,29,31
P043,Books,637,43,43,21
P044,Home,1492,51,11,48
P045,Home,4089,97,36,41
P046,Clothing,1673,28,44,42
P047,Clothing,4881,14,36,12
P048,Books,3914,51,50,49
P049,Toys,3407,89,32,10
P050,Electronics,2579,62,31,33
P051,Toys,4596,58,18,32
P052,Books,936,53,20,49
P053,Clothing,3667,53,44,13
P054,Home,973,10,6,45
P055,Toys,912,70,21,21
P056,Clothing,447,92,32,48
P057,Books,3135,42,32,5
P058,Clothing,1869,23,30,35
P059,Books,4206,22,16,19
P060,Books,723,14,17,13
P061,Home,1002,95,8,37
P062,Toys,195,20,6,32
P063,Clothing,4144,92,37,36
P064,Toys,2076,56,34,17
P065,Toys,4099,52,46,48
P066,Toys,115,36,35,14
P067,Books,2479,20,44,21
P068,Books,3811,16,7,42
P069,Electronics,3057,23,19,10
P070,Books,1296,82,29,17
P071,Toys,2553,60,48,45
P072,Clothing,3837,80,45,47
P073,Home,1759,31,5,48
P074,Clothing,4434,97,49,40
P075,Toys,1014,82,35,49
P076,Electronics,3182,74,14,43
P077,Toys,4823,39,28,11
P078,Clothing,1863,82,15,42
P079,Electronics,4368,29,38,38
P080,Clothing,1782,31,23,24
P081,Electronics,3714,39,26,6
P082,Clothing,4220,72,45,44
P083,Clothing,3015,34,38,38
P084,Home,2429,26,9,25
P085,Books,844,24,17,41
P086,Home,1989,87,17,31
P087,Clothing,1039,95,21,45
P088,Books,4216,62,30,14
P089,Clothing,4154,35,22,11
P090,Home,3198,34,32,38
P091,Books,3690,47,43,44
P092,Electronics,1128,30,33,21
P093,Clothing,2021,53,35,35
P094,Electronics,4933,22,13,10
P095,Home,978,13,9,34
P096,Toys,2053,80,32,6
P097,Electronics,3873,38,10,14
P098,Electronics,1584,41,45,38
P099,Books,3961,46,20,43
P100,Toys,4626,48,45,10
