order_id,payment_sequential,payment_type,payment_installments,payment_value
O001,1,net_banking,5,5261
O002,1,debit_card,1,5620
O003,1,debit_card,1,5757
O004,1,credit_card,1,2723
O005,1,credit_card,5,1577
O006,1,credit_card,4,4319
O007,1,net_banking,2,2293
O008,1,upi,4,4975
O009,1,debit_card,1,4426
O010,1,credit_card,2,715
O011,1,credit_card,4,5698
O012,1,debit_card,3,1040
O013,1,upi,2,3994
O014,1,net_banking,4,5892
O015,1,net_banking,4,1841
O016,1,upi,2,2987
O017,1,net_banking,5,1263
O018,1,credit_card,4,3272
O019,1,net_banking,3,4667
O020,1,credit_card,5,3561
O021,1,credit_card,1,5571
O022,1,debit_card,2,4979
O023,1,credit_card,5,3717
O024,1,net_banking,1,1846
O025,1,debit_card,1,3067
O026,1,net_banking,5,2272
O027,1,net_banking,3,2936
O028,1,upi,3,305
O029,1,upi,3,5670
O030,1,credit_card,4,815
O031,1,credit_card,1,3140
O032,1,upi,4,1153
O033,1,credit_card,4,3951
O034,1,net_banking,2,551
O035,1,debit_card,4,2683
O036,1,net_banking,3,5893
O037,1,debit_card,1,945
O038,1,net_banking,5,4693
O039,1,net_banking,2,3036
O040,1,credit_card,5,1890
O041,1,upi,2,1347
O042,1,credit_card,3,3532
O043,1,debit_card,4,4518
O044,1,net_banking,5,4966
O045,1,credit_card,1,1329
O046,1,net_banking,5,1468
O047,1,debit_card,2,3801
O048,1,upi,5,3280
O049,1,credit_card,3,4188
O050,1,debit_card,2,1178
O051,1,debit_card,5,2494
O052,1,debit_card,3,431
O053,1,upi,5,3350
O054,1,net_banking,5,2461
O055,1,credit_card,4,1567
O056,1,net_banking,2,2956
O057,1,upi,4,5442
O058,1,net_banking,1,4046
O059,1,net_banking,5,4767
O060,1,debit_card,2,203
O061,1,credit_card,3,4236
O062,1,net_banking,1,2595
O063,1,net_banking,4,3690
O064,1,net_banking,3,3084
O065,1,debit_card,1,1651
O066,1,credit_card,5,5340
O067,1,net_banking,1,4298
O068,1,credit_card,5,3602
O069,1,upi,5,4268
O070,1,net_banking,2,1234
O071,1,net_banking,1,1307
O072,1,upi,1,5436
O073,1,credit_card,5,1950
O074,1,credit_card,1,2998
O075,1,credit_card,2,2722
O076,1,net_banking,3,2748
O077,1,debit_card,1,1102
O078,1,credit_card,3,3286
O079,1,credit_card,2,3758
O080,1,upi,3,2153
O081,1,net_banking,2,2896
O082,1,credit_card,1,2409
O083,1,net_banking,5,5104
O084,1,net_banking,5,2713
O085,1,net_banking,4,886
O086,1,upi,4,1659
O087,1,net_banking,1,4658
O088,1,debit_card,2,5521
O089,1,credit_card,1,3664
O090,1,net_banking,5,1102
O091,1,debit_card,4,3330
O092,1,credit_card,5,4410
O093,1,debit_card,3,1797
O094,1,net_banking,1,3253
O095,1,debit_card,2,1486
O096,1,upi,2,5406
O097,1,credit_card,4,5845
O098,1,credit_card,5,658
O099,1,credit_card,2,1586
O100,1,debit_card,3,3816
