customer_code,dob,city,Age Group,Age
CUS001,1985-03-13,Pune,35-44,40
CUS002,2002-02-27,Hyderabad,18-24,23
CUS003,1999-06-19,Mumbai,25-34,26
CUS004,1973-04-02,Mumbai,45-54,52
CUS005,1978-07-03,Delhi,45-54,47
CUS006,2000-09-14,Mumbai,25-34,25
CUS007,1969-02-08,Pune,55+,56
CUS008,1965-10-02,Hyderabad,55+,60
CUS009,1968-07-02,Delhi,55+,57
CUS010,2003-09-28,Delhi,18-24,22
CUS011,1987-07-05,Hyderabad,35-44,38
CUS012,1998-10-10,Hyderabad,25-34,27
CUS013,1962-03-04,Hyderabad,55+,63
CUS014,1969-11-07,Bangalore,55+,56
CUS015,1999-09-23,Mumbai,25-34,26
CUS016,1969-01-20,Delhi,55+,56
CUS017,1974-11-18,Chennai,45-54,51
CUS018,1985-08-19,Chennai,35-44,40
CUS019,1982-05-08,Kolkata,35-44,43
CUS020,1994-12-25,Delhi,25-34,31
CUS021,2000-10-10,Hyderabad,25-34,25
CUS022,1974-06-24,Chennai,45-54,51
CUS023,1987-10-03,Mumbai,35-44,38
CUS024,1973-07-06,Kolkata,45-54,52
CUS025,1984-03-16,Chennai,35-44,41
