date,mmm_yy,day_type,week_no,Month,MM
2025-01-01,Jan-25,Weekday,1,1,2025-01-01
2025-01-02,Jan-25,Weekday,1,1,2025-01-01
2025-01-03,Jan-25,Weekday,1,1,2025-01-01
2025-01-04,Jan-25,Weekend,1,1,2025-01-01
2025-01-05,Jan-25,Weekend,1,1,2025-01-01
2025-01-06,Jan-25,Weekday,2,1,2025-01-01
2025-01-07,Jan-25,Weekday,2,1,2025-01-01
2025-01-08,Jan-25,Weekday,2,1,2025-01-01
2025-01-09,Jan-25,Weekday,2,1,2025-01-01
2025-01-10,Jan-25,Weekday,2,1,2025-01-01
2025-01-11,Jan-25,Weekend,2,1,2025-01-01
2025-01-12,Jan-25,Weekend,2,1,2025-01-01
2025-01-13,Jan-25,Weekday,3,1,2025-01-01
2025-01-14,Jan-25,Weekday,3,1,2025-01-01
2025-01-15,Jan-25,Weekday,3,1,2025-01-01
2025-01-16,Jan-25,Weekday,3,1,2025-01-01
2025-01-17,Jan-25,Weekday,3,1,2025-01-01
2025-01-18,Jan-25,Weekend,3,1,2025-01-01
2025-01-19,Jan-25,Weekend,3,1,2025-01-01
2025-01-20,Jan-25,Weekday,4,1,2025-01-01
2025-01-21,Jan-25,Weekday,4,1,2025-01-01
2025-01-22,Jan-25,Weekday,4,1,2025-01-01
2025-01-23,Jan-25,Weekday,4,1,2025-01-01
2025-01-24,Jan-25,Weekday,4,1,2025-01-01
2025-01-25,Jan-25,Weekend,4,1,2025-01-01
2025-01-26,Jan-25,Weekend,4,1,2025-01-01
2025-01-27,Jan-25,Weekday,5,1,2025-01-01
2025-01-28,Jan-25,Weekday,5,1,2025-01-01
2025-01-29,Jan-25,Weekday,5,1,2025-01-01
2025-01-30,Jan-25,Weekday,5,1,2025-01-01
2025-01-31,Jan-25,Weekday,5,1,2025-01-01
2025-02-01,Feb-25,Weekend,5,2,2025-02-01
2025-02-02,Feb-25,Weekend,5,2,2025-02-01
2025-02-03,Feb-25,Weekday,6,2,2025-02-01
2025-02-04,Feb-25,Weekday,6,2,2025-02-01
2025-02-05,Feb-25,Weekday,6,2,2025-02-01
2025-02-06,Feb-25,Weekday,6,2,2025-02-01
2025-02-07,Feb-25,Weekday,6,2,2025-02-01
2025-02-08,Feb-25,Weekend,6,2,2025-02-01
2025-02-09,Feb-25,Weekend,6,2,2025-02-01
2025-02-10,Feb-25,Weekday,7,2,2025-02-01
2025-02-11,Feb-25,Weekday,7,2,2025-02-01
2025-02-12,Feb-25,Weekday,7,2,2025-02-01
2025-02-13,Feb-25,Weekday,7,2,2025-02-01
2025-02-14,Feb-25,Weekday,7,2,2025-02-01
2025-02-15,Feb-25,Weekend,7,2,2025-02-01
2025-02-16,Feb-25,Weekend,7,2,2025-02-01
2025-02-17,Feb-25,Weekday,8,2,2025-02-01
2025-02-18,Feb-25,Weekday,8,2,2025-02-01
2025-02-19,Feb-25,Weekday,8,2,2025-02-01
2025-02-20,Feb-25,Weekday,8,2,2025-02-01
2025-02-21,Feb-25,Weekday,8,2,2025-02-01
2025-02-22,Feb-25,Weekend,8,2,2025-02-01
2025-02-23,Feb-25,Weekend,8,2,2025-02-01
2025-02-24,Feb-25,Weekday,9,2,2025-02-01
2025-02-25,Feb-25,Weekday,9,2,2025-02-01
2025-02-26,Feb-25,Weekday,9,2,2025-02-01
2025-02-27,Feb-25,Weekday,9,2,2025-02-01
2025-02-28,Feb-25,Weekday,9,2,2025-02-01
2025-03-01,Mar-25,Weekend,9,3,2025-03-01
2025-03-02,Mar-25,Weekend,9,3,2025-03-01
2025-03-03,Mar-25,Weekday,10,3,2025-03-01
2025-03-04,Mar-25,Weekday,10,3,2025-03-01
2025-03-05,Mar-25,Weekday,10,3,2025-03-01
2025-03-06,Mar-25,Weekday,10,3,2025-03-01
2025-03-07,Mar-25,Weekday,10,3,2025-03-01
2025-03-08,Mar-25,Weekend,10,3,2025-03-01
2025-03-09,Mar-25,Weekend,10,3,2025-03-01
2025-03-10,Mar-25,Weekday,11,3,2025-03-01
2025-03-11,Mar-25,Weekday,11,3,2025-03-01
2025-03-12,Mar-25,Weekday,11,3,2025-03-01
2025-03-13,Mar-25,Weekday,11,3,2025-03-01
2025-03-14,Mar-25,Weekday,11,3,2025-03-01
2025-03-15,Mar-25,Weekend,11,3,2025-03-01
2025-03-16,Mar-25,Weekend,11,3,2025-03-01
2025-03-17,Mar-25,Weekday,12,3,2025-03-01
2025-03-18,Mar-25,Weekday,12,3,2025-03-01
2025-03-19,Mar-25,Weekday,12,3,2025-03-01
2025-03-20,Mar-25,Weekday,12,3,2025-03-01
2025-03-21,Mar-25,Weekday,12,3,2025-03-01
2025-03-22,Mar-25,Weekend,12,3,2025-03-01
2025-03-23,Mar-25,Weekend,12,3,2025-03-01
2025-03-24,Mar-25,Weekday,13,3,2025-03-01
2025-03-25,Mar-25,Weekday,13,3,2025-03-01
2025-03-26,Mar-25,Weekday,13,3,2025-03-01
2025-03-27,Mar-25,Weekday,13,3,2025-03-01
2025-03-28,Mar-25,Weekday,13,3,2025-03-01
2025-03-29,Mar-25,Weekend,13,3,2025-03-01
2025-03-30,Mar-25,Weekend,13,3,2025-03-01
2025-03-31,Mar-25,Weekday,14,3,2025-03-01
