Policy Type Code,Policy Type,Number
POL0001,Type5,NUM0001
POL0002,Type4,NUM0002
POL0003,Type3,NUM0003
POL0004,Type5,NUM0004
POL0005,Type2,NUM0005
POL0006,Type1,NUM0006
POL0007,Type4,NUM0007
POL0008,Type4,NUM0008
POL0009,Type3,NUM0009
POL0010,Type5,NUM0010
POL0011,Type4,NUM0011
POL0012,Type4,NUM0012
POL0013,Type2,NUM0013
POL0014,Type4,NUM0014
POL0015,Type4,NUM0015
POL0016,Type1,NUM0016
POL0017,Type4,NUM0017
POL0018,Type3,NUM0018
POL0019,Type1,NUM0019
POL0020,Type1,NUM0020
POL0021,Type2,NUM0021
POL0022,Type5,NUM0022
POL0023,Type2,NUM0023
POL0024,Type3,NUM0024
POL0025,Type3,NUM0025
