Policy Name,Policy Code,Business Code,Number
Name 1,POL0001,BUS0001,NUM0001
Name 2,POL0002,BUS0002,NUM0002
Name 3,POL0003,BUS0003,NUM0003
Name 4,POL0004,BUS0004,NUM0004
Name 5,POL0005,BUS0005,NUM0005
Name 6,POL0006,BUS0006,NUM0006
Name 7,POL0007,BUS0007,NUM0007
Name 8,POL0008,BUS0008,NUM0008
Name 9,POL0009,BUS0009,NUM0009
Name 10,POL0010,BUS0010,NUM0010
Name 11,POL0011,BUS0011,NUM0011
Name 12,POL0012,BUS0012,NUM0012
Name 13,POL0013,BUS0013,NUM0013
Name 14,POL0014,BUS0014,NUM0014
Name 15,POL0015,BUS0015,NUM0015
Name 16,POL0016,BUS0016,NUM0016
Name 17,POL0017,BUS0017,NUM0017
Name 18,POL0018,BUS0018,NUM0018
Name 19,POL0019,BUS0019,NUM0019
Name 20,POL0020,BUS0020,NUM0020
Name 21,POL0021,BUS0021,NUM0021
Name 22,POL0022,BUS0022,NUM0022
Name 23,POL0023,BUS0023,NUM0023
Name 24,POL0024,BUS0024,NUM0024
Name 25,POL0025,BUS0025,NUM0025
