Regional Manager ID,Regional Manager Name,Mail,Region,States Covered,Security
REG0001,Name 1,user1@example.com,Central,RJ,Value 1
REG0002,Name 2,user2@example.com,Central,WB,Value 2
REG0003,Name 3,user3@example.com,East,KL,Value 3
REG0004,Name 4,user4@example.com,East,UP,Value 4
REG0005,Name 5,user5@example.com,North,DL,Value 5
REG0006,Name 6,user6@example.com,East,DL,Value 6
REG0007,Name 7,user7@example.com,South,TN,Value 7
REG0008,Name 8,user8@example.com,South,UP,Value 8
REG0009,Name 9,user9@example.com,East,DL,Value 9
REG0010,Name 10,user10@example.com,East,GJ,Value 10
REG0011,Name 11,user11@example.com,Central,WB,Value 11
REG0012,Name 12,user12@example.com,South,GJ,Value 12
REG0013,Name 13,user13@example.com,East,WB,Value 13
REG0014,Name 14,user14@example.com,West,DL,Value 14
REG0015,Name 15,user15@example.com,East,WB,Value 15
REG0016,Name 16,user16@example.com,East,KL,Value 16
REG0017,Name 17,user17@example.com,North,DL,Value 17
REG0018,Name 18,user18@example.com,North,KL,Value 18
REG0019,Name 19,user19@example.com,Central,KL,Value 19
REG0020,Name 20,user20@example.com,South,KL,Value 20
REG0021,Name 21,user21@example.com,East,GJ,Value 21
REG0022,Name 22,user22@example.com,North,TN,Value 22
REG0023,Name 23,user23@example.com,Central,KA,Value 23
REG0024,Name 24,user24@example.com,South,UP,Value 24
REG0025,Name 25,user25@example.com,East,TN,Value 25
