Zonal Manager ID,Zonal Manager Name,Mail,Security
ZON0001,Name 1,user1@example.com,Value 1
ZON0002,Name 2,user2@example.com,Value 2
ZON0003,Name 3,user3@example.com,Value 3
ZON0004,Name 4,user4@example.com,Value 4
ZON0005,Name 5,user5@example.com,Value 5
ZON0006,Name 6,user6@example.com,Value 6
ZON0007,Name 7,user7@example.com,Value 7
ZON0008,Name 8,user8@example.com,Value 8
ZON0009,Name 9,user9@example.com,Value 9
ZON0010,Name 10,user10@example.com,Value 10
ZON0011,Name 11,user11@example.com,Value 11
ZON0012,Name 12,user12@example.com,Value 12
ZON0013,Name 13,user13@example.com,Value 13
ZON0014,Name 14,user14@example.com,Value 14
ZON0015,Name 15,user15@example.com,Value 15
ZON0016,Name 16,user16@example.com,Value 16
ZON0017,Name 17,user17@example.com,Value 17
ZON0018,Name 18,user18@example.com,Value 18
ZON0019,Name 19,user19@example.com,Value 19
ZON0020,Name 20,user20@example.com,Value 20
ZON0021,Name 21,user21@example.com,Value 21
ZON0022,Name 22,user22@example.com,Value 22
ZON0023,Name 23,user23@example.com,Value 23
ZON0024,Name 24,user24@example.com,Value 24
ZON0025,Name 25,user25@example.com,Value 25
