date,customer_code,policy_id,sales_mode,final_premium_amt(INR),CustCount
2025-03-29,CUS015,POL005,Partner,50482,1
2025-01-03,CUS015,POL006,Agent,20347,1
2025-03-05,CUS002,POL004,Branch,21952,1
2025-02-01,CUS013,POL007,Partner,15561,1
2025-01-22,CUS015,POL007,Branch,22947,1
2025-02-25,CUS018,POL005,Partner,52024,1
2025-03-29,CUS013,POL004,Agent,15876,1
2025-01-23,CUS005,POL004,Agent,6581,1
2025-03-04,CUS019,POL003,Branch,41953,1
2025-01-01,CUS005,POL007,Branch,46761,1
2025-01-17,CUS023,POL009,Online,64853,1
2025-03-29,CUS018,POL007,Partner,57294,1
2025-02-20,CUS004,POL008,Partner,13158,1
2025-01-25,CUS003,POL004,Partner,26273,1
2025-01-15,CUS011,POL010,Online,18419,1
2025-01-01,CUS019,POL003,Online,52659,1
2025-03-20,CUS001,POL002,Agent,54313,1
2025-01-20,CUS021,POL005,Branch,52731,1
2025-03-02,CUS004,POL002,Partner,66078,1
2025-03-03,CUS016,POL005,Online,23889,1
2025-01-14,CUS024,POL006,Branch,67733,1
2025-03-30,CUS006,POL009,Online,31897,1
2025-03-09,CUS012,POL003,Online,74220,1
2025-02-08,CUS021,POL002,Branch,72947,1
2025-02-16,CUS006,POL006,Agent,74807,1
2025-03-11,CUS025,POL009,Branch,34234,1
2025-03-20,CUS025,POL004,Agent,57518,1
2025-01-30,CUS007,POL009,Partner,51604,1
2025-01-04,CUS001,POL005,Partner,38970,1
2025-01-25,CUS023,POL010,Branch,63619,1
2025-02-14,CUS012,POL002,Agent,18389,1
2025-01-30,CUS016,POL004,Branch,31787,1
2025-03-03,CUS020,POL010,Online,67845,1
2025-03-25,CUS012,POL002,Online,55926,1
2025-01-26,CUS016,POL003,Partner,48583,1
2025-01-12,CUS024,POL007,Partner,57610,1
2025-01-11,CUS024,POL003,Agent,21651,1
2025-01-04,CUS005,POL010,Partner,24159,1
2025-03-20,CUS020,POL008,Branch,25435,1
2025-03-12,CUS018,POL003,Online,6866,1
2025-03-25,CUS004,POL009,Agent,61860,1
2025-01-25,CUS007,POL001,Branch,32889,1
2025-02-07,CUS017,POL004,Branch,38995,1
2025-03-11,CUS014,POL003,Online,51371,1
2025-02-28,CUS022,POL010,Partner,70752,1
2025-01-17,CUS018,POL003,Online,62688,1
2025-01-24,CUS020,POL001,Agent,27589,1
2025-01-19,CUS016,POL010,Online,13094,1
2025-02-11,CUS022,POL009,Partner,18907,1
2025-03-13,CUS002,POL004,Agent,41296,1
2025-01-06,CUS025,POL002,Partner,8652,1
2025-01-09,CUS015,POL006,Agent,41331,1
2025-02-27,CUS017,POL009,Partner,71552,1
2025-02-01,CUS023,POL009,Branch,31553,1
2025-02-27,CUS005,POL007,Online,56427,1
2025-02-26,CUS011,POL002,Agent,61143,1
2025-01-10,CUS007,POL005,Online,25243,1
2025-03-24,CUS022,POL006,Agent,38175,1
2025-01-18,CUS015,POL004,Online,57200,1
2025-03-04,CUS006,POL004,Agent,61560,1
2025-03-07,CUS013,POL006,Partner,30656,1
2025-02-15,CUS011,POL002,Branch,7553,1
2025-02-13,CUS018,POL008,Partner,7370,1
2025-02-19,CUS011,POL009,Branch,72143,1
2025-01-09,CUS004,POL004,Online,16018,1
2025-02-03,CUS009,POL001,Agent,40447,1
2025-01-17,CUS014,POL005,Partner,24577,1
2025-03-10,CUS017,POL010,Partner,47866,1
2025-01-12,CUS009,POL001,Agent,60747,1
2025-01-10,CUS009,POL001,Online,39151,1
2025-01-11,CUS020,POL004,Online,39662,1
2025-01-16,CUS015,POL001,Branch,59756,1
2025-02-04,CUS020,POL003,Online,74063,1
2025-01-31,CUS004,POL003,Branch,11603,1
2025-01-24,CUS007,POL005,Branch,74610,1
2025-01-27,CUS010,POL008,Agent,40457,1
2025-02-14,CUS001,POL005,Online,7011,1
2025-01-03,CUS024,POL009,Agent,72401,1
2025-03-02,CUS008,POL008,Online,61646,1
2025-03-26,CUS016,POL009,Partner,71412,1
2025-02-09,CUS023,POL004,Agent,49918,1
2025-01-26,CUS023,POL003,Partner,50554,1
2025-01-07,CUS005,POL001,Online,38501,1
2025-02-25,CUS006,POL001,Online,54922,1
2025-03-06,CUS022,POL005,Agent,43411,1
2025-01-06,CUS015,POL003,Agent,40263,1
2025-02-27,CUS001,POL005,Branch,48113,1
2025-03-12,CUS011,POL004,Online,45573,1
2025-01-28,CUS012,POL003,Online,48952,1
2025-02-18,CUS003,POL008,Branch,70898,1
2025-03-25,CUS007,POL004,Online,16908,1
2025-02-03,CUS003,POL003,Partner,10461,1
2025-02-20,CUS001,POL005,Branch,35514,1
2025-01-11,CUS019,POL009,Agent,56054,1
2025-02-11,CUS024,POL008,Agent,42247,1
2025-03-21,CUS021,POL003,Online,72237,1
2025-03-22,CUS014,POL009,Agent,73649,1
2025-03-06,CUS019,POL001,Agent,16153,1
2025-01-04,CUS002,POL003,Branch,18751,1
2025-02-18,CUS015,POL009,Online,7469,1
2025-03-22,CUS018,POL004,Partner,39575,1
2025-01-01,CUS015,POL002,Online,73942,1
2025-01-09,CUS024,POL008,Branch,14758,1
2025-02-03,CUS008,POL004,Agent,65337,1
2025-03-05,CUS013,POL002,Partner,42659,1
2025-01-06,CUS020,POL004,Online,24323,1
2025-02-12,CUS009,POL005,Agent,6634,1
2025-03-03,CUS002,POL008,Branch,18044,1
2025-03-30,CUS007,POL008,Branch,72703,1
2025-02-06,CUS015,POL008,Partner,20532,1
2025-03-12,CUS007,POL005,Online,66989,1
2025-01-03,CUS010,POL008,Online,71403,1
2025-02-27,CUS009,POL007,Agent,32618,1
2025-01-10,CUS019,POL002,Agent,73690,1
2025-02-03,CUS012,POL003,Branch,19768,1
2025-02-16,CUS008,POL008,Partner,56652,1
2025-01-04,CUS006,POL001,Partner,64082,1
2025-02-21,CUS010,POL003,Partner,50083,1
2025-02-18,CUS011,POL002,Branch,5228,1
2025-02-11,CUS025,POL006,Partner,20734,1
2025-01-26,CUS023,POL001,Branch,38189,1
2025-02-17,CUS003,POL007,Partner,15013,1
2025-02-16,CUS014,POL005,Online,41783,1
2025-01-14,CUS002,POL005,Agent,37679,1
2025-02-04,CUS014,POL009,Branch,29883,1
2025-02-17,CUS014,POL001,Partner,31664,1
2025-01-11,CUS002,POL007,Partner,23162,1
2025-03-24,CUS010,POL008,Online,21686,1
2025-01-22,CUS016,POL007,Branch,41929,1
2025-02-08,CUS009,POL005,Partner,36282,1
2025-02-08,CUS016,POL009,Partner,20694,1
2025-01-22,CUS021,POL003,Online,32246,1
2025-03-06,CUS016,POL009,Agent,64373,1
2025-02-12,CUS025,POL008,Partner,23297,1
2025-03-12,CUS007,POL004,Online,27897,1
2025-02-13,CUS018,POL002,Branch,36342,1
2025-02-17,CUS009,POL010,Agent,7632,1
2025-02-22,CUS013,POL007,Agent,54396,1
2025-02-04,CUS011,POL001,Partner,41374,1
2025-03-15,CUS012,POL003,Agent,17137,1
2025-02-04,CUS008,POL007,Partner,63439,1
2025-02-25,CUS010,POL001,Agent,9226,1
2025-02-24,CUS023,POL008,Partner,5023,1
2025-01-10,CUS013,POL009,Partner,63844,1
2025-02-01,CUS004,POL004,Agent,24931,1
2025-03-08,CUS022,POL002,Partner,16141,1
2025-03-12,CUS025,POL001,Online,21469,1
2025-01-30,CUS019,POL001,Branch,21772,1
2025-03-22,CUS009,POL009,Partner,19697,1
2025-01-13,CUS003,POL005,Agent,55866,1
2025-02-03,CUS008,POL010,Online,6371,1
2025-03-10,CUS010,POL008,Branch,46465,1
2025-03-24,CUS008,POL008,Agent,37382,1
2025-01-04,CUS014,POL005,Online,7855,1
2025-01-25,CUS016,POL007,Online,38719,1
2025-01-30,CUS022,POL007,Branch,34725,1
2025-03-05,CUS002,POL006,Partner,52489,1
2025-03-29,CUS013,POL004,Online,43287,1
2025-03-06,CUS003,POL004,Partner,31268,1
2025-02-09,CUS025,POL004,Agent,65963,1
2025-01-29,CUS009,POL005,Online,69980,1
2025-03-20,CUS006,POL004,Partner,59660,1
2025-03-27,CUS002,POL010,Agent,56571,1
2025-01-07,CUS007,POL001,Agent,59445,1
2025-01-07,CUS023,POL001,Agent,56553,1
2025-02-27,CUS023,POL006,Online,15402,1
2025-01-22,CUS011,POL004,Agent,73786,1
2025-03-01,CUS002,POL005,Partner,54005,1
2025-02-12,CUS015,POL003,Online,5376,1
2025-01-11,CUS009,POL002,Branch,60074,1
2025-01-16,CUS018,POL004,Partner,51744,1
2025-02-09,CUS014,POL002,Online,67057,1
2025-01-26,CUS012,POL009,Partner,30300,1
2025-02-11,CUS012,POL008,Online,58844,1
2025-02-01,CUS021,POL007,Online,54226,1
2025-01-05,CUS015,POL002,Online,38687,1
2025-01-25,CUS024,POL002,Branch,52575,1
2025-02-04,CUS011,POL010,Online,39363,1
2025-03-30,CUS011,POL005,Branch,5494,1
2025-03-18,CUS021,POL002,Online,35653,1
2025-01-14,CUS016,POL008,Partner,37905,1
2025-02-25,CUS016,POL003,Partner,28978,1
2025-01-02,CUS024,POL005,Agent,35951,1
2025-02-11,CUS011,POL008,Branch,15356,1
2025-03-07,CUS007,POL007,Agent,37415,1
2025-02-22,CUS003,POL001,Partner,47697,1
2025-01-21,CUS014,POL002,Online,39719,1
2025-03-21,CUS003,POL004,Online,60189,1
2025-03-05,CUS023,POL008,Agent,35696,1
2025-01-18,CUS014,POL008,Agent,20881,1
2025-02-07,CUS010,POL005,Branch,53886,1
2025-02-02,CUS024,POL005,Agent,62592,1
2025-02-01,CUS006,POL004,Agent,25096,1
2025-02-06,CUS019,POL004,Branch,13494,1
2025-02-20,CUS009,POL004,Agent,18178,1
2025-03-25,CUS015,POL001,Online,5588,1
2025-03-02,CUS008,POL008,Branch,10290,1
2025-02-07,CUS008,POL002,Online,29847,1
2025-03-18,CUS019,POL004,Online,53789,1
2025-03-07,CUS006,POL008,Branch,5830,1
