Policy Number,Start Date,Last Paid Date,Tenure (Years),Date of Purchase,Customer ID,Sum Assured INR/Coverage Amount,Premium Amount,Payment Frequency,Loan Eligible,Loan Amount Allowed,Underwriting expenses,Sales Agent Code,Purchase Month,Purchase Quarter,Purchase Year,Policy Anniversary Date,Claim ID,Policy Type Code,Policy Code,Policy Status,State,RM ID,Zonal Manager ID,Total Annual Premium,Total Premium Amount,Premium Payment Duration,Total Premium Paid,Total Premium Payable,Maturity Amount,Annualized ROI,Profit / Gain,Tenure Date,MaturedIn 5 Years,MaturedIn 10 Years,MaturedIn 15 Years,MaturedIn 20 Years,Payment Bucket,Region
POL0001,2025-12-10 00:00:00,2024-05-11 00:00:00,683,2024-01-22 00:00:00,CUS0019,72660.75,32110.41,Annual,No,46176.89,70768.21,AGE0021,Sep,Q3,148,2024-01-01 00:00:00,CLA0001,POL0017,POL0010,Active,WB,REG0013,ZON0006,58666.0,33001.46,53537.38,81331.96,2283.07,82219.4,51355.61,17751.52,Value 1,Value 1,Value 1,Value 1,Value 1,Value 1,REG0018
POL0002,2024-12-14 00:00:00,2025-12-02 00:00:00,245,2024-07-08 00:00:00,CUS0015,1463.95,44084.98,Monthly,No,40789.65,94010.98,AGE0009,Jul,Q3,105,2025-09-22 00:00:00,CLA0002,POL0021,POL0007,Active,WB,REG0024,ZON0025,29212.86,66358.79,70141.15,97930.51,84899.76,17511.1,52371.09,58926.65,Value 2,Value 2,Value 2,Value 2,Value 2,Value 2,REG0001
POL0003,2025-03-07 00:00:00,2024-04-26 00:00:00,25,2024-10-20 00:00:00,CUS0011,98970.25,40354.13,Monthly,Yes,76606.47,64102.31,AGE0016,Feb,Q1,347,2025-09-24 00:00:00,CLA0003,POL0008,POL0011,Active,RJ,REG0018,ZON0007,35911.41,25409.14,50436.94,13511.14,27538.38,6545.38,44713.57,11129.79,Value 3,Value 3,Value 3,Value 3,Value 3,Value 3,REG0018
POL0004,2024-11-18 00:00:00,2024-11-08 00:00:00,676,2024-01-29 00:00:00,CUS0020,11889.57,17966.74,Monthly,No,86328.06,31614.56,AGE0002,Aug,Q3,452,2024-06-10 00:00:00,CLA0004,POL0005,POL0006,Active,KA,REG0002,ZON0018,61068.74,19204.24,85584.03,66017.85,71138.1,73368.04,32990.16,38149.79,Value 4,Value 4,Value 4,Value 4,Value 4,Value 4,REG0022
POL0005,2024-10-21 00:00:00,2024-06-25 00:00:00,841,2025-09-06 00:00:00,CUS0021,61686.67,88474.45,Monthly,No,36218.02,67014.86,AGE0022,Dec,Q4,696,2025-09-12 00:00:00,CLA0005,POL0005,POL0008,Inactive,KA,REG0007,ZON0020,2665.57,29676.39,64014.9,41923.28,28982.36,1605.69,95942.22,47445.68,Value 5,Value 5,Value 5,Value 5,Value 5,Value 5,REG0004
POL0006,2025-11-07 00:00:00,2024-09-25 00:00:00,797,2025-08-26 00:00:00,CUS0011,74776.58,90078.7,Quarterly,No,63903.46,78557.22,AGE0012,May,Q4,350,2025-06-22 00:00:00,CLA0006,POL0019,POL0025,Active,TN,REG0003,ZON0013,32326.85,15724.95,68286.39,9739.4,26961.84,45173.67,4453.51,40249.2,Value 6,Value 6,Value 6,Value 6,Value 6,Value 6,REG0011
POL0007,2024-10-22 00:00:00,2024-03-09 00:00:00,842,2025-08-10 00:00:00,CUS0005,77991.4,35524.83,Monthly,Yes,35457.39,52707.9,AGE0022,Apr,Q4,794,2025-05-06 00:00:00,CLA0007,POL0002,POL0024,Inactive,UP,REG0003,ZON0013,16954.58,89039.49,40812.5,91881.04,94247.68,13906.78,6478.22,80418.08,Value 7,Value 7,Value 7,Value 7,Value 7,Value 7,REG0005
POL0008,2025-09-03 00:00:00,2024-05-14 00:00:00,717,2024-10-25 00:00:00,CUS0017,48166.8,55945.17,Annual,No,81771.53,99783.47,AGE0019,Aug,Q3,961,2025-10-31 00:00:00,CLA0008,POL0025,POL0020,Active,TS,REG0016,ZON0010,65930.09,39715.76,44145.62,43630.8,77561.55,46226.9,37474.85,27273.67,Value 8,Value 8,Value 8,Value 8,Value 8,Value 8,REG0025
POL0009,2025-02-22 00:00:00,2025-06-21 00:00:00,737,2024-07-29 00:00:00,CUS0009,37942.9,77294.7,Annual,No,90049.31,81286.72,AGE0003,Dec,Q4,866,2024-03-24 00:00:00,CLA0009,POL0005,POL0019,Active,KA,REG0002,ZON0012,28019.13,58543.49,51609.44,35669.8,63794.64,68961.1,8203.17,87793.15,Value 9,Value 9,Value 9,Value 9,Value 9,Value 9,REG0005
POL0010,2025-02-07 00:00:00,2025-03-11 00:00:00,885,2025-03-26 00:00:00,CUS0019,14330.93,6402.72,Quarterly,No,97104.14,58255.91,AGE0011,Jan,Q4,807,2025-03-04 00:00:00,CLA0010,POL0024,POL0011,Active,KL,REG0009,ZON0004,78276.76,26462.44,46237.42,39140.84,21153.34,98327.21,23344.27,62466.83,Value 10,Value 10,Value 10,Value 10,Value 10,Value 10,REG0001
POL0011,2024-09-13 00:00:00,2024-02-11 00:00:00,434,2024-09-10 00:00:00,CUS0006,84150.65,60277.26,Annual,No,6316.41,16293.63,AGE0024,Jan,Q1,4,2024-02-21 00:00:00,CLA0011,POL0007,POL0001,Active,RJ,REG0008,ZON0001,16633.97,35783.24,65813.24,88244.62,85002.46,9046.49,18130.28,77219.21,Value 11,Value 11,Value 11,Value 11,Value 11,Value 11,REG0012
POL0012,2025-05-23 00:00:00,2025-05-22 00:00:00,1000,2024-06-15 00:00:00,CUS0025,43092.16,60165.25,Quarterly,No,86347.9,22189.95,AGE0010,Oct,Q1,38,2025-12-08 00:00:00,CLA0012,POL0011,POL0018,Active,MH,REG0018,ZON0001,94257.95,77186.16,27561.68,75149.14,12418.06,46943.69,83720.41,3955.68,Value 12,Value 12,Value 12,Value 12,Value 12,Value 12,REG0002
POL0013,2025-11-04 00:00:00,2024-06-10 00:00:00,848,2025-09-24 00:00:00,CUS0020,68135.58,46928.59,Annual,Yes,13868.37,61741.39,AGE0005,Apr,Q2,566,2025-02-02 00:00:00,CLA0013,POL0004,POL0015,Active,UP,REG0019,ZON0017,3006.67,57219.54,75833.7,66565.84,11144.65,23453.46,95091.69,54440.11,Value 13,Value 13,Value 13,Value 13,Value 13,Value 13,REG0001
POL0014,2024-03-17 00:00:00,2025-04-11 00:00:00,76,2024-04-10 00:00:00,CUS0025,15372.69,3757.5,Annual,No,77237.12,36787.27,AGE0006,Aug,Q1,819,2024-08-13 00:00:00,CLA0014,POL0022,POL0003,Inactive,DL,REG0005,ZON0024,71919.9,17247.26,45186.67,53044.13,45529.62,3726.58,50028.99,78106.56,Value 14,Value 14,Value 14,Value 14,Value 14,Value 14,REG0008
POL0015,2025-12-23 00:00:00,2025-11-27 00:00:00,173,2024-01-30 00:00:00,CUS0016,14768.75,59150.46,Annual,Yes,68203.38,36058.78,AGE0017,Feb,Q2,348,2024-09-04 00:00:00,CLA0015,POL0019,POL0009,Active,WB,REG0001,ZON0018,62570.84,84357.92,33864.02,78110.42,52407.51,3686.5,4421.09,76962.07,Value 15,Value 15,Value 15,Value 15,Value 15,Value 15,REG0016
POL0016,2024-04-13 00:00:00,2025-11-28 00:00:00,715,2024-10-29 00:00:00,CUS0003,94905.23,1414.38,Quarterly,Yes,53749.48,2211.72,AGE0016,Apr,Q1,313,2024-11-02 00:00:00,CLA0016,POL0006,POL0022,Active,TS,REG0023,ZON0007,64329.84,4775.6,51139.39,95859.41,98781.31,92159.58,82372.21,76798.22,Value 16,Value 16,Value 16,Value 16,Value 16,Value 16,REG0006
POL0017,2025-01-30 00:00:00,2024-09-26 00:00:00,630,2025-08-21 00:00:00,CUS0020,95902.95,50582.31,Annual,Yes,21921.27,23737.45,AGE0016,Nov,Q2,159,2025-11-22 00:00:00,CLA0017,POL0025,POL0016,Active,RJ,REG0021,ZON0004,90944.5,79209.64,50854.94,62775.14,29646.03,78144.65,67622.57,2722.75,Value 17,Value 17,Value 17,Value 17,Value 17,Value 17,REG0013
POL0018,2025-05-11 00:00:00,2024-12-10 00:00:00,580,2025-10-28 00:00:00,CUS0016,91726.03,45938.11,Monthly,Yes,11842.03,46226.99,AGE0020,Oct,Q4,562,2024-04-17 00:00:00,CLA0018,POL0010,POL0008,Active,UP,REG0025,ZON0019,40979.6,76972.57,411.23,34262.44,4330.96,92930.11,75293.26,98681.52,Value 18,Value 18,Value 18,Value 18,Value 18,Value 18,REG0012
POL0019,2024-12-25 00:00:00,2025-07-29 00:00:00,35,2024-02-25 00:00:00,CUS0007,84153.45,72711.86,Quarterly,No,40884.6,12847.47,AGE0020,Aug,Q3,202,2025-01-13 00:00:00,CLA0019,POL0007,POL0009,Active,GJ,REG0002,ZON0008,30476.07,87116.82,88489.57,31821.76,35480.16,26791.72,7185.86,10854.26,Value 19,Value 19,Value 19,Value 19,Value 19,Value 19,REG0009
POL0020,2024-09-05 00:00:00,2024-10-04 00:00:00,39,2024-08-02 00:00:00,CUS0021,78099.9,11430.59,Quarterly,Yes,13001.36,87739.73,AGE0019,Aug,Q3,229,2024-05-23 00:00:00,CLA0020,POL0020,POL0004,Active,GJ,REG0009,ZON0011,10908.36,21482.4,39426.99,93594.27,65314.5,24811.05,75844.58,36146.84,Value 20,Value 20,Value 20,Value 20,Value 20,Value 20,REG0004
POL0021,2025-09-14 00:00:00,2025-07-18 00:00:00,360,2024-10-08 00:00:00,CUS0018,32758.79,41649.18,Quarterly,Yes,41157.05,75662.27,AGE0019,Feb,Q2,579,2024-03-10 00:00:00,CLA0021,POL0013,POL0022,Inactive,TS,REG0025,ZON0005,50379.34,71342.14,60089.66,90366.4,38326.35,71048.46,16920.8,52996.65,Value 21,Value 21,Value 21,Value 21,Value 21,Value 21,REG0009
POL0022,2025-08-10 00:00:00,2024-12-25 00:00:00,234,2024-11-26 00:00:00,CUS0009,43610.96,23413.1,Monthly,No,59200.92,62460.9,AGE0007,Dec,Q4,586,2024-06-25 00:00:00,CLA0022,POL0010,POL0001,Inactive,TS,REG0005,ZON0003,8622.57,61436.34,5229.72,26660.02,3398.96,8210.43,52072.69,71147.65,Value 22,Value 22,Value 22,Value 22,Value 22,Value 22,REG0004
POL0023,2024-04-13 00:00:00,2024-01-15 00:00:00,257,2024-05-10 00:00:00,CUS0006,88682.28,68343.07,Annual,No,61659.01,71669.97,AGE0017,Sep,Q4,829,2024-11-20 00:00:00,CLA0023,POL0020,POL0018,Inactive,UP,REG0014,ZON0016,36003.64,18026.7,57754.51,46914.61,12915.1,3270.52,54489.14,97791.79,Value 23,Value 23,Value 23,Value 23,Value 23,Value 23,REG0007
POL0024,2025-12-07 00:00:00,2024-07-27 00:00:00,19,2025-07-18 00:00:00,CUS0009,25829.8,22274.84,Monthly,Yes,84308.46,30100.88,AGE0015,Dec,Q3,216,2024-12-06 00:00:00,CLA0024,POL0012,POL0014,Inactive,DL,REG0009,ZON0004,51485.72,7027.7,41377.22,91861.02,31045.68,23390.44,26924.66,9843.81,Value 24,Value 24,Value 24,Value 24,Value 24,Value 24,REG0020
POL0025,2025-05-16 00:00:00,2025-10-24 00:00:00,608,2025-01-02 00:00:00,CUS0018,35692.26,41006.54,Quarterly,No,13640.89,91376.17,AGE0014,Jan,Q2,567,2025-12-09 00:00:00,CLA0025,POL0018,POL0012,Active,DL,REG0011,ZON0001,27958.42,10263.97,40457.87,54486.57,69107.61,13680.54,54292.0,40850.86,Value 25,Value 25,Value 25,Value 25,Value 25,Value 25,REG0015
POL0026,2025-09-13 00:00:00,2025-09-09 00:00:00,722,2025-01-04 00:00:00,CUS0023,43364.84,80004.99,Monthly,Yes,2789.97,74047.34,AGE0012,Jan,Q4,517,2024-01-02 00:00:00,CLA0026,POL0003,POL0002,Active,DL,REG0020,ZON0021,39927.41,50840.79,5115.4,27113.73,77718.56,65691.48,47548.53,33896.21,Value 26,Value 26,Value 26,Value 26,Value 26,Value 26,REG0017
POL0027,2025-09-01 00:00:00,2025-07-15 00:00:00,406,2025-06-19 00:00:00,CUS0023,11220.8,52657.38,Annual,Yes,15751.46,83282.58,AGE0018,Mar,Q2,701,2025-09-10 00:00:00,CLA0027,POL0012,POL0009,Active,TS,REG0023,ZON0009,80095.79,52849.94,60208.76,41776.96,94224.83,1879.45,50250.29,80031.22,Value 27,Value 27,Value 27,Value 27,Value 27,Value 27,REG0022
POL0028,2024-02-19 00:00:00,2024-07-05 00:00:00,422,2024-01-19 00:00:00,CUS0024,73171.48,36119.41,Quarterly,Yes,11039.25,45972.96,AGE0022,Feb,Q3,44,2024-10-22 00:00:00,CLA0028,POL0025,POL0015,Active,RJ,REG0005,ZON0025,24563.33,49810.21,72274.45,48287.69,7149.97,42724.62,78856.51,67811.81,Value 28,Value 28,Value 28,Value 28,Value 28,Value 28,REG0016
POL0029,2025-08-03 00:00:00,2025-06-26 00:00:00,12,2025-03-16 00:00:00,CUS0002,46080.05,6755.0,Monthly,Yes,94805.91,12435.86,AGE0008,May,Q3,200,2025-01-07 00:00:00,CLA0029,POL0025,POL0012,Inactive,DL,REG0011,ZON0017,55637.01,70464.71,84958.6,62750.57,29990.38,66945.19,16245.34,7510.91,Value 29,Value 29,Value 29,Value 29,Value 29,Value 29,REG0017
POL0030,2025-09-15 00:00:00,2024-07-14 00:00:00,807,2024-05-03 00:00:00,CUS0010,85305.81,67810.65,Quarterly,Yes,31929.37,35350.66,AGE0016,Oct,Q4,54,2025-07-20 00:00:00,CLA0030,POL0001,POL0022,Active,KL,REG0011,ZON0017,78907.92,19334.33,54929.34,32626.77,82158.93,84148.0,3166.25,32572.3,Value 30,Value 30,Value 30,Value 30,Value 30,Value 30,REG0012
POL0031,2024-08-20 00:00:00,2025-09-15 00:00:00,595,2025-11-18 00:00:00,CUS0002,95384.59,11580.44,Annual,No,61588.09,82094.98,AGE0024,Feb,Q2,19,2025-09-01 00:00:00,CLA0031,POL0007,POL0005,Active,GJ,REG0013,ZON0020,6619.75,79560.12,68578.21,17560.68,53415.1,74743.47,10032.34,99086.97,Value 31,Value 31,Value 31,Value 31,Value 31,Value 31,REG0007
POL0032,2025-04-07 00:00:00,2024-04-17 00:00:00,708,2025-07-05 00:00:00,CUS0020,31278.74,53600.67,Annual,No,58817.35,99126.27,AGE0005,Aug,Q4,309,2024-09-16 00:00:00,CLA0032,POL0018,POL0015,Active,KL,REG0017,ZON0008,60274.9,28937.6,28198.78,27063.8,19210.09,24101.77,57638.27,6934.92,Value 32,Value 32,Value 32,Value 32,Value 32,Value 32,REG0007
POL0033,2025-03-27 00:00:00,2025-08-18 00:00:00,594,2024-12-24 00:00:00,CUS0012,56867.92,60631.1,Monthly,Yes,75054.27,15899.17,AGE0009,Sep,Q3,749,2025-02-25 00:00:00,CLA0033,POL0011,POL0003,Active,TS,REG0025,ZON0023,25057.08,76944.97,17938.97,72467.66,26124.95,57406.33,38606.39,55556.13,Value 33,Value 33,Value 33,Value 33,Value 33,Value 33,REG0021
POL0034,2025-11-12 00:00:00,2024-03-27 00:00:00,880,2025-08-04 00:00:00,CUS0017,32741.59,11813.86,Annual,No,64351.53,78723.51,AGE0014,Oct,Q1,586,2024-09-06 00:00:00,CLA0034,POL0023,POL0024,Inactive,RJ,REG0001,ZON0002,46276.69,63624.23,57107.61,24883.13,19267.85,71536.84,90730.81,17304.51,Value 34,Value 34,Value 34,Value 34,Value 34,Value 34,REG0008
POL0035,2024-03-11 00:00:00,2024-10-15 00:00:00,618,2025-02-14 00:00:00,CUS0008,9967.39,87585.83,Annual,Yes,45584.48,40814.38,AGE0021,Oct,Q4,238,2024-06-05 00:00:00,CLA0035,POL0001,POL0006,Inactive,KA,REG0019,ZON0008,41372.46,67893.88,58662.62,64955.4,80040.52,65231.42,36114.16,45167.24,Value 35,Value 35,Value 35,Value 35,Value 35,Value 35,REG0008
POL0036,2025-04-21 00:00:00,2024-07-23 00:00:00,159,2025-01-02 00:00:00,CUS0018,12950.56,52062.1,Quarterly,Yes,57725.27,6977.69,AGE0018,Jan,Q2,199,2025-03-28 00:00:00,CLA0036,POL0001,POL0021,Inactive,UP,REG0008,ZON0007,19263.1,84890.58,30392.76,62650.54,2818.2,60700.95,89207.81,50374.63,Value 36,Value 36,Value 36,Value 36,Value 36,Value 36,REG0016
POL0037,2024-07-08 00:00:00,2025-07-20 00:00:00,460,2024-08-13 00:00:00,CUS0009,3691.5,29658.44,Quarterly,No,37009.85,30609.57,AGE0017,Feb,Q1,133,2025-10-07 00:00:00,CLA0037,POL0015,POL0003,Inactive,KL,REG0002,ZON0015,22930.8,63623.9,89163.34,7838.17,15019.03,33657.45,47709.45,80699.79,Value 37,Value 37,Value 37,Value 37,Value 37,Value 37,REG0008
POL0038,2024-06-30 00:00:00,2024-11-30 00:00:00,947,2025-09-14 00:00:00,CUS0011,5626.36,12384.65,Monthly,Yes,84405.9,6433.09,AGE0023,Apr,Q3,488,2025-05-23 00:00:00,CLA0038,POL0007,POL0008,Active,WB,REG0016,ZON0011,15033.96,29771.16,70284.94,29220.11,4452.71,10775.3,14361.75,74828.8,Value 38,Value 38,Value 38,Value 38,Value 38,Value 38,REG0012
POL0039,2025-03-08 00:00:00,2024-07-01 00:00:00,818,2024-06-14 00:00:00,CUS0002,47992.44,72721.41,Quarterly,Yes,50835.79,45009.03,AGE0011,Aug,Q2,517,2025-10-08 00:00:00,CLA0039,POL0011,POL0015,Active,KL,REG0018,ZON0017,75637.75,80573.57,34123.56,19247.41,87408.74,55293.03,54136.82,87955.91,Value 39,Value 39,Value 39,Value 39,Value 39,Value 39,REG0006
POL0040,2024-04-16 00:00:00,2024-09-12 00:00:00,973,2025-09-21 00:00:00,CUS0006,3466.32,84409.56,Quarterly,No,55692.98,23755.26,AGE0013,Jul,Q4,11,2025-12-20 00:00:00,CLA0040,POL0001,POL0021,Active,KA,REG0005,ZON0009,21295.4,21822.91,40928.1,27168.92,54391.87,29799.86,88343.08,89407.24,Value 40,Value 40,Value 40,Value 40,Value 40,Value 40,REG0009
POL0041,2025-12-16 00:00:00,2024-09-05 00:00:00,35,2025-09-10 00:00:00,CUS0020,66436.38,85411.49,Annual,Yes,62961.66,87083.86,AGE0010,Oct,Q4,541,2025-04-28 00:00:00,CLA0041,POL0022,POL0007,Active,TS,REG0024,ZON0006,14222.75,92248.44,80974.41,62046.2,48815.02,53179.36,88211.94,90738.38,Value 41,Value 41,Value 41,Value 41,Value 41,Value 41,REG0013
POL0042,2025-09-21 00:00:00,2025-10-02 00:00:00,887,2024-10-02 00:00:00,CUS0006,14070.5,90193.01,Quarterly,No,53996.32,83161.13,AGE0024,Apr,Q1,181,2024-02-22 00:00:00,CLA0042,POL0024,POL0014,Inactive,WB,REG0019,ZON0013,63195.65,43507.53,25356.33,64074.33,54961.08,12149.06,29960.98,7501.05,Value 42,Value 42,Value 42,Value 42,Value 42,Value 42,REG0023
POL0043,2024-09-27 00:00:00,2024-11-23 00:00:00,826,2024-08-31 00:00:00,CUS0016,16165.71,75614.38,Quarterly,Yes,44561.55,53865.79,AGE0019,May,Q3,756,2024-02-05 00:00:00,CLA0043,POL0018,POL0018,Active,TN,REG0009,ZON0009,8657.14,45451.58,24874.01,50563.94,67292.38,63054.99,85555.18,10983.24,Value 43,Value 43,Value 43,Value 43,Value 43,Value 43,REG0015
POL0044,2024-03-22 00:00:00,2024-05-27 00:00:00,403,2024-01-15 00:00:00,CUS0006,64072.98,94947.4,Annual,Yes,97372.87,96572.89,AGE0008,Dec,Q2,255,2025-05-14 00:00:00,CLA0044,POL0006,POL0013,Active,DL,REG0018,ZON0001,20674.9,91022.0,12132.74,78059.29,57229.48,28175.48,84148.15,18598.15,Value 44,Value 44,Value 44,Value 44,Value 44,Value 44,REG0014
POL0045,2024-12-05 00:00:00,2025-10-17 00:00:00,140,2024-07-19 00:00:00,CUS0009,66708.73,29624.51,Monthly,No,90720.13,29533.68,AGE0021,Feb,Q1,694,2024-07-27 00:00:00,CLA0045,POL0014,POL0014,Active,TN,REG0008,ZON0022,13054.55,36367.2,62069.49,10715.1,40690.68,78955.41,28108.84,72241.91,Value 45,Value 45,Value 45,Value 45,Value 45,Value 45,REG0015
POL0046,2025-01-29 00:00:00,2025-04-03 00:00:00,173,2025-06-20 00:00:00,CUS0013,13483.97,53670.8,Monthly,No,4892.13,23429.15,AGE0013,Jan,Q4,690,2025-03-28 00:00:00,CLA0046,POL0019,POL0009,Active,RJ,REG0025,ZON0011,85731.14,55368.47,76462.49,49866.87,51188.05,53238.5,13999.9,38262.35,Value 46,Value 46,Value 46,Value 46,Value 46,Value 46,REG0015
POL0047,2024-06-08 00:00:00,2025-10-02 00:00:00,754,2025-02-15 00:00:00,CUS0017,97969.28,10916.6,Monthly,No,69406.04,66090.55,AGE0002,Nov,Q4,522,2024-12-25 00:00:00,CLA0047,POL0020,POL0006,Active,WB,REG0015,ZON0007,58251.71,13937.05,97577.96,98516.0,71891.7,42968.7,82405.35,88468.38,Value 47,Value 47,Value 47,Value 47,Value 47,Value 47,REG0006
POL0048,2024-04-13 00:00:00,2024-01-14 00:00:00,634,2025-11-21 00:00:00,CUS0001,38732.62,26699.56,Quarterly,Yes,40186.13,49125.72,AGE0012,Oct,Q4,379,2025-12-13 00:00:00,CLA0048,POL0020,POL0008,Active,GJ,REG0023,ZON0020,12400.63,75180.07,94842.35,6109.84,57527.51,58213.11,81696.69,10777.56,Value 48,Value 48,Value 48,Value 48,Value 48,Value 48,REG0025
POL0049,2025-04-01 00:00:00,2024-10-06 00:00:00,316,2025-07-30 00:00:00,CUS0012,21855.78,7593.56,Annual,Yes,36137.4,69340.48,AGE0013,Nov,Q2,867,2025-01-04 00:00:00,CLA0049,POL0016,POL0003,Inactive,MH,REG0007,ZON0021,66644.31,79358.82,55529.35,13835.16,76084.28,6983.85,65378.77,84193.07,Value 49,Value 49,Value 49,Value 49,Value 49,Value 49,REG0021
POL0050,2025-03-02 00:00:00,2024-08-09 00:00:00,280,2024-01-25 00:00:00,CUS0015,92661.5,55961.27,Quarterly,No,43089.9,3291.45,AGE0016,Jul,Q4,765,2024-12-16 00:00:00,CLA0050,POL0001,POL0023,Active,DL,REG0005,ZON0005,67191.73,45862.14,95137.47,2314.85,23786.65,92041.22,4307.56,62410.67,Value 50,Value 50,Value 50,Value 50,Value 50,Value 50,REG0023
POL0051,2025-05-18 00:00:00,2024-07-08 00:00:00,907,2025-08-29 00:00:00,CUS0011,50791.2,21819.2,Annual,No,10360.87,70237.21,AGE0025,Jul,Q1,278,2024-08-12 00:00:00,CLA0051,POL0019,POL0006,Active,UP,REG0018,ZON0015,70839.59,85248.89,53177.45,76895.55,54669.24,8769.89,67571.97,45473.29,Value 51,Value 51,Value 51,Value 51,Value 51,Value 51,REG0003
POL0052,2025-01-23 00:00:00,2025-05-22 00:00:00,444,2025-10-15 00:00:00,CUS0001,33128.68,5135.56,Quarterly,No,5483.79,81965.46,AGE0016,Dec,Q2,344,2025-11-19 00:00:00,CLA0052,POL0019,POL0016,Active,TN,REG0005,ZON0014,92644.96,46752.7,41014.36,83322.67,48235.72,34017.36,43209.0,19987.82,Value 52,Value 52,Value 52,Value 52,Value 52,Value 52,REG0011
POL0053,2025-12-16 00:00:00,2024-07-27 00:00:00,513,2024-10-25 00:00:00,CUS0002,92572.52,71301.91,Quarterly,Yes,16823.8,28964.59,AGE0020,Jan,Q4,648,2024-07-29 00:00:00,CLA0053,POL0004,POL0023,Inactive,TS,REG0020,ZON0018,37138.54,37453.26,75874.42,2420.46,3596.63,29903.88,68555.9,50288.98,Value 53,Value 53,Value 53,Value 53,Value 53,Value 53,REG0022
POL0054,2024-01-14 00:00:00,2024-10-15 00:00:00,652,2024-03-27 00:00:00,CUS0021,42103.38,50603.33,Annual,Yes,15449.05,43148.86,AGE0019,Jan,Q3,564,2025-02-15 00:00:00,CLA0054,POL0018,POL0020,Active,GJ,REG0017,ZON0021,68431.88,36898.06,78517.1,53611.36,62512.55,73761.68,65904.67,96073.5,Value 54,Value 54,Value 54,Value 54,Value 54,Value 54,REG0019
POL0055,2025-08-28 00:00:00,2024-02-13 00:00:00,498,2025-10-23 00:00:00,CUS0019,27804.63,46811.29,Monthly,Yes,35037.4,84630.72,AGE0018,Mar,Q2,496,2024-03-23 00:00:00,CLA0055,POL0010,POL0021,Inactive,KL,REG0022,ZON0012,14200.45,90172.53,49474.28,55559.74,7623.06,67384.75,31242.37,10387.07,Value 55,Value 55,Value 55,Value 55,Value 55,Value 55,REG0024
POL0056,2024-10-21 00:00:00,2025-12-24 00:00:00,371,2024-02-27 00:00:00,CUS0012,41795.74,3381.39,Monthly,Yes,31675.85,36221.43,AGE0022,Aug,Q3,186,2025-08-26 00:00:00,CLA0056,POL0007,POL0003,Inactive,UP,REG0015,ZON0009,28518.84,11195.56,28479.86,33797.08,74099.3,22384.38,27780.59,60029.25,Value 56,Value 56,Value 56,Value 56,Value 56,Value 56,REG0012
POL0057,2025-09-05 00:00:00,2025-02-16 00:00:00,451,2025-05-29 00:00:00,CUS0020,6060.93,65700.03,Monthly,Yes,82041.59,80294.78,AGE0003,Aug,Q2,884,2025-11-07 00:00:00,CLA0057,POL0017,POL0002,Active,KA,REG0013,ZON0006,42696.88,36384.21,13973.25,30681.0,58477.82,22939.88,51196.9,23548.45,Value 57,Value 57,Value 57,Value 57,Value 57,Value 57,REG0011
POL0058,2025-05-21 00:00:00,2024-08-30 00:00:00,827,2025-01-27 00:00:00,CUS0015,92003.98,12463.47,Annual,No,8545.84,63759.67,AGE0010,Oct,Q3,497,2024-09-19 00:00:00,CLA0058,POL0007,POL0007,Active,KA,REG0009,ZON0006,42451.03,74115.56,94924.28,3589.16,83462.45,23937.06,2546.32,67195.65,Value 58,Value 58,Value 58,Value 58,Value 58,Value 58,REG0025
POL0059,2024-09-12 00:00:00,2024-07-09 00:00:00,464,2024-07-12 00:00:00,CUS0006,57687.68,46532.22,Monthly,Yes,88848.7,36561.71,AGE0022,Apr,Q4,241,2025-05-28 00:00:00,CLA0059,POL0023,POL0008,Active,DL,REG0020,ZON0023,66449.45,18675.07,80187.26,32975.14,91082.72,74284.43,57481.29,47888.96,Value 59,Value 59,Value 59,Value 59,Value 59,Value 59,REG0023
POL0060,2024-01-03 00:00:00,2025-07-31 00:00:00,575,2025-04-27 00:00:00,CUS0020,51171.11,1537.7,Quarterly,Yes,85381.22,48408.9,AGE0012,Sep,Q1,574,2024-07-14 00:00:00,CLA0060,POL0023,POL0001,Active,KL,REG0017,ZON0003,23494.03,84923.57,79436.49,45688.85,50554.32,21051.35,91971.3,98415.68,Value 60,Value 60,Value 60,Value 60,Value 60,Value 60,REG0002
POL0061,2024-11-01 00:00:00,2025-01-23 00:00:00,120,2025-03-15 00:00:00,CUS0005,88613.3,65131.41,Annual,No,75528.08,16954.36,AGE0001,Sep,Q1,957,2024-07-04 00:00:00,CLA0061,POL0012,POL0013,Inactive,WB,REG0024,ZON0007,53177.25,98550.36,91859.94,56386.0,40330.03,25832.77,93665.62,96721.64,Value 61,Value 61,Value 61,Value 61,Value 61,Value 61,REG0022
POL0062,2024-07-14 00:00:00,2024-06-06 00:00:00,760,2024-10-17 00:00:00,CUS0021,90498.49,56540.39,Annual,No,58160.19,28211.58,AGE0024,Mar,Q4,736,2025-12-04 00:00:00,CLA0062,POL0019,POL0012,Active,TS,REG0011,ZON0003,9164.36,75688.8,3274.54,32987.57,68086.12,66456.58,20022.26,66394.99,Value 62,Value 62,Value 62,Value 62,Value 62,Value 62,REG0023
POL0063,2025-06-24 00:00:00,2024-06-19 00:00:00,269,2025-09-17 00:00:00,CUS0017,11575.84,75295.98,Quarterly,Yes,39503.72,63817.53,AGE0005,Jul,Q2,629,2024-07-26 00:00:00,CLA0063,POL0010,POL0025,Inactive,RJ,REG0023,ZON0023,4428.72,24670.53,39172.17,39852.85,89731.59,84018.86,79036.28,86108.5,Value 63,Value 63,Value 63,Value 63,Value 63,Value 63,REG0004
POL0064,2024-06-26 00:00:00,2025-04-29 00:00:00,998,2025-06-02 00:00:00,CUS0005,81416.36,38887.98,Annual,No,27399.09,36136.21,AGE0003,Jan,Q1,594,2025-04-16 00:00:00,CLA0064,POL0021,POL0021,Inactive,GJ,REG0021,ZON0009,55395.14,71496.88,38023.5,78244.83,58920.28,84658.62,59013.43,37344.22,Value 64,Value 64,Value 64,Value 64,Value 64,Value 64,REG0020
POL0065,2025-10-17 00:00:00,2025-11-17 00:00:00,734,2025-11-27 00:00:00,CUS0001,98956.18,42110.78,Quarterly,Yes,80819.41,88341.0,AGE0013,Jun,Q3,527,2025-09-01 00:00:00,CLA0065,POL0008,POL0025,Active,KA,REG0016,ZON0007,9987.42,10033.23,49419.98,33351.23,35200.31,6127.62,32556.41,82533.88,Value 65,Value 65,Value 65,Value 65,Value 65,Value 65,REG0003
POL0066,2024-08-16 00:00:00,2024-08-19 00:00:00,531,2025-12-07 00:00:00,CUS0010,11460.15,41397.09,Annual,Yes,10522.31,61080.21,AGE0012,Jul,Q1,403,2025-10-27 00:00:00,CLA0066,POL0006,POL0009,Active,UP,REG0017,ZON0024,5368.5,69030.7,27164.83,95117.43,37626.66,30396.99,57506.1,39674.06,Value 66,Value 66,Value 66,Value 66,Value 66,Value 66,REG0022
POL0067,2025-11-14 00:00:00,2025-01-23 00:00:00,534,2025-04-09 00:00:00,CUS0020,14144.32,23727.29,Quarterly,No,86486.86,9288.28,AGE0003,Mar,Q2,269,2024-11-22 00:00:00,CLA0067,POL0019,POL0012,Active,KA,REG0001,ZON0022,23714.83,58669.23,83566.19,782.48,89789.27,69201.31,66021.29,24644.41,Value 67,Value 67,Value 67,Value 67,Value 67,Value 67,REG0014
POL0068,2024-12-10 00:00:00,2024-10-04 00:00:00,309,2025-08-28 00:00:00,CUS0022,85472.6,15685.93,Quarterly,No,89529.31,40117.99,AGE0005,Aug,Q4,973,2025-11-30 00:00:00,CLA0068,POL0013,POL0013,Active,MH,REG0014,ZON0022,57821.71,96137.17,22897.04,70006.35,97183.34,27343.36,90688.55,34079.56,Value 68,Value 68,Value 68,Value 68,Value 68,Value 68,REG0013
POL0069,2024-01-23 00:00:00,2024-03-27 00:00:00,482,2025-02-03 00:00:00,CUS0005,87896.93,43860.34,Quarterly,Yes,33718.18,83605.6,AGE0013,Mar,Q2,198,2025-03-03 00:00:00,CLA0069,POL0024,POL0007,Active,UP,REG0025,ZON0015,79755.8,62864.68,3761.11,22389.3,28150.04,26662.41,2071.94,46248.49,Value 69,Value 69,Value 69,Value 69,Value 69,Value 69,REG0002
POL0070,2025-03-12 00:00:00,2024-11-09 00:00:00,107,2024-07-14 00:00:00,CUS0003,97146.62,66348.89,Quarterly,Yes,81536.38,42070.23,AGE0020,Nov,Q3,935,2025-03-20 00:00:00,CLA0070,POL0018,POL0008,Inactive,DL,REG0002,ZON0015,43791.72,68564.63,31155.88,90815.85,58378.05,50942.44,95274.94,62249.83,Value 70,Value 70,Value 70,Value 70,Value 70,Value 70,REG0020
POL0071,2024-06-12 00:00:00,2024-11-13 00:00:00,348,2025-03-23 00:00:00,CUS0013,78220.15,30488.69,Annual,Yes,39065.45,7699.17,AGE0005,Jul,Q4,173,2025-11-08 00:00:00,CLA0071,POL0017,POL0013,Active,WB,REG0017,ZON0017,11886.1,39942.61,19312.52,7241.68,56444.65,67637.95,67781.74,72767.05,Value 71,Value 71,Value 71,Value 71,Value 71,Value 71,REG0004
POL0072,2024-11-11 00:00:00,2025-05-12 00:00:00,640,2024-12-12 00:00:00,CUS0014,6523.2,80288.17,Quarterly,No,57189.48,97091.78,AGE0007,May,Q3,140,2025-02-04 00:00:00,CLA0072,POL0003,POL0017,Active,TS,REG0001,ZON0001,12156.88,49404.03,97023.05,146.18,65834.69,10693.77,53620.11,33603.45,Value 72,Value 72,Value 72,Value 72,Value 72,Value 72,REG0025
POL0073,2025-03-04 00:00:00,2025-08-17 00:00:00,718,2025-07-02 00:00:00,CUS0009,16737.84,4807.26,Monthly,Yes,93921.46,81658.2,AGE0018,Mar,Q1,929,2024-01-15 00:00:00,CLA0073,POL0004,POL0017,Inactive,TN,REG0021,ZON0006,64334.72,55010.87,51199.21,41953.76,35945.17,66349.26,96372.52,61269.12,Value 73,Value 73,Value 73,Value 73,Value 73,Value 73,REG0016
POL0074,2024-12-07 00:00:00,2025-07-06 00:00:00,472,2024-03-12 00:00:00,CUS0013,68242.79,71815.22,Monthly,Yes,74585.98,82209.38,AGE0013,Feb,Q4,400,2025-04-02 00:00:00,CLA0074,POL0010,POL0025,Inactive,GJ,REG0010,ZON0004,75153.05,68923.33,96207.89,10473.85,91483.62,1152.92,64703.12,84044.28,Value 74,Value 74,Value 74,Value 74,Value 74,Value 74,REG0014
POL0075,2024-03-16 00:00:00,2024-03-18 00:00:00,374,2025-11-29 00:00:00,CUS0024,35058.87,30773.29,Monthly,Yes,40383.29,52053.43,AGE0003,Feb,Q3,151,2024-02-13 00:00:00,CLA0075,POL0019,POL0016,Active,KL,REG0021,ZON0003,44951.09,11520.93,17560.92,6044.28,82924.69,6934.23,74244.76,19251.15,Value 75,Value 75,Value 75,Value 75,Value 75,Value 75,REG0011
POL0076,2025-08-25 00:00:00,2024-10-22 00:00:00,233,2024-08-04 00:00:00,CUS0016,93337.8,38273.41,Monthly,No,28259.74,71638.36,AGE0008,Mar,Q4,535,2024-01-15 00:00:00,CLA0076,POL0007,POL0006,Active,MH,REG0012,ZON0025,25670.22,28202.67,49724.81,86571.97,85778.78,67554.24,71907.66,96514.3,Value 76,Value 76,Value 76,Value 76,Value 76,Value 76,REG0018
POL0077,2025-05-06 00:00:00,2024-04-21 00:00:00,337,2024-05-11 00:00:00,CUS0010,87660.4,46646.17,Quarterly,No,895.95,49806.68,AGE0018,Feb,Q3,952,2025-03-16 00:00:00,CLA0077,POL0006,POL0016,Active,TS,REG0004,ZON0002,59369.73,87992.09,42874.08,14544.34,49039.87,71013.49,46602.86,89141.77,Value 77,Value 77,Value 77,Value 77,Value 77,Value 77,REG0003
POL0078,2025-07-20 00:00:00,2025-04-21 00:00:00,452,2024-11-28 00:00:00,CUS0024,30353.03,48492.79,Quarterly,Yes,33126.49,57590.83,AGE0003,Oct,Q4,592,2025-01-15 00:00:00,CLA0078,POL0004,POL0025,Active,WB,REG0001,ZON0019,29565.3,57262.86,86376.83,3076.68,32656.05,99782.52,21936.63,29814.08,Value 78,Value 78,Value 78,Value 78,Value 78,Value 78,REG0003
POL0079,2025-01-22 00:00:00,2025-11-16 00:00:00,133,2025-03-16 00:00:00,CUS0017,28900.54,97022.98,Annual,Yes,59014.16,74860.76,AGE0007,Sep,Q4,730,2025-07-23 00:00:00,CLA0079,POL0010,POL0025,Active,RJ,REG0020,ZON0017,64177.57,14757.33,61352.15,44801.3,19378.77,45321.91,89725.0,97978.34,Value 79,Value 79,Value 79,Value 79,Value 79,Value 79,REG0021
POL0080,2024-04-24 00:00:00,2024-08-21 00:00:00,196,2024-11-07 00:00:00,CUS0008,53777.56,59569.43,Monthly,Yes,92898.8,11723.84,AGE0007,Aug,Q2,367,2025-02-12 00:00:00,CLA0080,POL0011,POL0010,Active,TS,REG0022,ZON0002,41545.82,65764.78,390.45,30614.16,21008.62,49640.16,58140.7,22003.12,Value 80,Value 80,Value 80,Value 80,Value 80,Value 80,REG0004
POL0081,2024-03-21 00:00:00,2024-05-08 00:00:00,247,2025-12-10 00:00:00,CUS0010,62084.6,39487.52,Quarterly,No,87938.08,75650.14,AGE0009,Jul,Q1,619,2024-02-05 00:00:00,CLA0081,POL0025,POL0023,Active,UP,REG0011,ZON0009,92679.65,79305.15,70672.19,17035.97,64761.23,78262.96,44452.36,26786.03,Value 81,Value 81,Value 81,Value 81,Value 81,Value 81,REG0012
POL0082,2025-01-16 00:00:00,2025-04-08 00:00:00,694,2024-12-10 00:00:00,CUS0024,4574.25,70635.13,Annual,Yes,88690.33,16972.65,AGE0003,Dec,Q1,973,2025-11-06 00:00:00,CLA0082,POL0004,POL0015,Active,KA,REG0006,ZON0017,99031.62,30036.7,41485.85,26153.96,36742.0,89717.87,65744.54,45545.96,Value 82,Value 82,Value 82,Value 82,Value 82,Value 82,REG0020
POL0083,2024-11-19 00:00:00,2025-10-02 00:00:00,487,2024-03-17 00:00:00,CUS0006,39706.64,42345.03,Annual,No,10951.9,87258.65,AGE0002,Feb,Q2,967,2025-06-27 00:00:00,CLA0083,POL0023,POL0007,Active,RJ,REG0020,ZON0009,27524.71,30414.45,51357.06,68466.25,35709.41,92548.39,84709.93,12367.54,Value 83,Value 83,Value 83,Value 83,Value 83,Value 83,REG0019
POL0084,2024-02-15 00:00:00,2025-09-03 00:00:00,857,2025-04-27 00:00:00,CUS0021,29520.42,95535.45,Quarterly,No,66666.64,43850.23,AGE0021,Jun,Q3,573,2025-11-07 00:00:00,CLA0084,POL0014,POL0020,Active,DL,REG0014,ZON0022,83276.68,4931.15,23179.62,45665.05,37265.16,70868.64,65666.4,92890.82,Value 84,Value 84,Value 84,Value 84,Value 84,Value 84,REG0005
POL0085,2024-07-23 00:00:00,2024-03-02 00:00:00,970,2025-01-14 00:00:00,CUS0019,25334.97,7012.03,Annual,Yes,37473.21,52558.15,AGE0005,Jul,Q3,844,2024-10-29 00:00:00,CLA0085,POL0006,POL0024,Active,DL,REG0011,ZON0010,4257.87,21075.83,56410.03,40171.01,35396.03,18111.26,38718.2,14086.16,Value 85,Value 85,Value 85,Value 85,Value 85,Value 85,REG0018
POL0086,2025-11-11 00:00:00,2024-01-16 00:00:00,853,2025-01-04 00:00:00,CUS0005,42209.57,51111.61,Annual,No,91976.76,47375.05,AGE0016,Sep,Q2,907,2025-06-19 00:00:00,CLA0086,POL0023,POL0022,Inactive,WB,REG0023,ZON0014,7499.77,84670.05,84040.65,25662.62,98509.56,94616.34,19406.66,62966.55,Value 86,Value 86,Value 86,Value 86,Value 86,Value 86,REG0024
POL0087,2024-09-17 00:00:00,2025-06-16 00:00:00,247,2025-08-19 00:00:00,CUS0007,90584.09,93820.16,Annual,Yes,49546.25,86317.68,AGE0001,Apr,Q4,496,2025-01-19 00:00:00,CLA0087,POL0009,POL0024,Active,DL,REG0019,ZON0020,40741.74,14487.53,27537.17,72860.32,51324.14,97402.45,66558.58,45450.15,Value 87,Value 87,Value 87,Value 87,Value 87,Value 87,REG0017
POL0088,2025-11-05 00:00:00,2025-03-31 00:00:00,853,2024-11-17 00:00:00,CUS0015,39503.19,18854.59,Monthly,No,14248.36,22356.38,AGE0025,May,Q1,144,2025-02-08 00:00:00,CLA0088,POL0009,POL0006,Active,KL,REG0020,ZON0023,36669.36,65015.6,56302.38,33759.17,73161.31,34895.13,28124.96,36319.53,Value 88,Value 88,Value 88,Value 88,Value 88,Value 88,REG0018
POL0089,2025-02-14 00:00:00,2024-04-25 00:00:00,820,2024-08-07 00:00:00,CUS0016,80618.27,48477.96,Quarterly,No,35727.64,32358.18,AGE0002,Nov,Q2,156,2025-10-28 00:00:00,CLA0089,POL0006,POL0015,Inactive,DL,REG0024,ZON0002,44326.5,21004.88,3265.08,62334.37,1413.08,60443.57,45435.27,70368.54,Value 89,Value 89,Value 89,Value 89,Value 89,Value 89,REG0025
POL0090,2025-11-07 00:00:00,2024-10-21 00:00:00,615,2024-12-26 00:00:00,CUS0010,28317.54,60316.18,Annual,Yes,16280.64,70075.76,AGE0006,Dec,Q2,198,2025-03-13 00:00:00,CLA0090,POL0014,POL0002,Active,TS,REG0002,ZON0002,59580.61,86790.44,13533.86,35906.2,3085.55,71237.05,55688.64,15184.61,Value 90,Value 90,Value 90,Value 90,Value 90,Value 90,REG0003
POL0091,2024-02-17 00:00:00,2025-01-29 00:00:00,368,2024-03-28 00:00:00,CUS0015,43680.52,44223.3,Annual,Yes,27412.89,50227.08,AGE0013,Mar,Q4,580,2024-11-13 00:00:00,CLA0091,POL0008,POL0015,Active,TS,REG0025,ZON0001,63444.5,50096.93,30380.45,3217.86,72129.33,90084.42,31994.1,97085.42,Value 91,Value 91,Value 91,Value 91,Value 91,Value 91,REG0022
POL0092,2025-05-01 00:00:00,2024-08-13 00:00:00,140,2024-06-18 00:00:00,CUS0022,66769.04,42598.22,Annual,Yes,88116.09,11848.61,AGE0013,Mar,Q2,553,2025-02-21 00:00:00,CLA0092,POL0001,POL0008,Active,WB,REG0013,ZON0006,19067.93,51532.45,10615.88,16756.21,50937.68,87407.54,16378.43,42293.96,Value 92,Value 92,Value 92,Value 92,Value 92,Value 92,REG0016
POL0093,2025-12-12 00:00:00,2025-02-20 00:00:00,210,2025-11-19 00:00:00,CUS0014,1408.82,44627.7,Quarterly,No,28477.2,22226.84,AGE0017,Jul,Q1,65,2025-05-27 00:00:00,CLA0093,POL0007,POL0006,Inactive,GJ,REG0011,ZON0019,18779.03,67356.7,52068.87,25673.21,18932.15,15955.36,33927.17,42187.55,Value 93,Value 93,Value 93,Value 93,Value 93,Value 93,REG0006
POL0094,2025-08-16 00:00:00,2024-07-04 00:00:00,783,2025-12-11 00:00:00,CUS0016,78886.64,53583.23,Quarterly,No,10858.14,35953.04,AGE0010,Aug,Q3,222,2024-01-01 00:00:00,CLA0094,POL0010,POL0014,Active,MH,REG0007,ZON0016,20606.06,75864.39,87174.02,11789.43,77032.56,72491.22,85114.17,24631.11,Value 94,Value 94,Value 94,Value 94,Value 94,Value 94,REG0025
POL0095,2025-02-01 00:00:00,2025-02-10 00:00:00,228,2025-09-03 00:00:00,CUS0025,74899.62,82537.79,Annual,No,50873.47,18431.28,AGE0018,Oct,Q2,42,2024-11-22 00:00:00,CLA0095,POL0018,POL0003,Inactive,DL,REG0017,ZON0004,11287.12,10859.56,97269.69,55335.13,58530.7,82555.57,54220.98,74927.13,Value 95,Value 95,Value 95,Value 95,Value 95,Value 95,REG0012
POL0096,2025-08-25 00:00:00,2025-11-16 00:00:00,647,2024-12-20 00:00:00,CUS0013,4066.32,52760.1,Quarterly,No,66903.68,98182.7,AGE0024,Oct,Q4,177,2025-06-27 00:00:00,CLA0096,POL0023,POL0024,Active,GJ,REG0021,ZON0019,91259.96,984.4,94300.99,49561.64,53284.42,93206.83,24888.86,65996.41,Value 96,Value 96,Value 96,Value 96,Value 96,Value 96,REG0019
POL0097,2024-10-26 00:00:00,2024-04-10 00:00:00,305,2024-02-16 00:00:00,CUS0008,14476.95,50308.36,Quarterly,Yes,5898.84,33237.82,AGE0025,Nov,Q3,846,2025-05-05 00:00:00,CLA0097,POL0009,POL0017,Inactive,KL,REG0003,ZON0002,13788.16,52521.16,47415.14,95220.47,73671.65,49550.57,81955.59,90130.19,Value 97,Value 97,Value 97,Value 97,Value 97,Value 97,REG0008
POL0098,2025-07-23 00:00:00,2025-08-26 00:00:00,417,2024-04-06 00:00:00,CUS0009,50511.79,7678.99,Monthly,Yes,63041.0,38209.23,AGE0001,Oct,Q3,1,2024-12-26 00:00:00,CLA0098,POL0014,POL0011,Inactive,WB,REG0022,ZON0019,70916.83,42707.66,92682.07,10410.04,64154.78,8291.22,6321.06,93274.82,Value 98,Value 98,Value 98,Value 98,Value 98,Value 98,REG0013
POL0099,2024-04-25 00:00:00,2024-08-31 00:00:00,26,2024-10-10 00:00:00,CUS0007,28347.38,33030.52,Monthly,Yes,60254.89,78687.14,AGE0019,Aug,Q2,257,2025-02-28 00:00:00,CLA0099,POL0009,POL0025,Inactive,MH,REG0021,ZON0005,57843.34,22168.04,16000.46,7905.59,91632.62,82657.39,60261.02,51727.2,Value 99,Value 99,Value 99,Value 99,Value 99,Value 99,REG0009
POL0100,2025-11-17 00:00:00,2025-04-24 00:00:00,370,2024-08-03 00:00:00,CUS0021,33366.96,56941.76,Annual,Yes,75411.31,36684.76,AGE0007,Mar,Q2,818,2025-04-18 00:00:00,CLA0100,POL0020,POL0006,Active,KL,REG0023,ZON0002,72739.31,3209.81,62875.46,7751.32,95773.86,24618.43,90625.29,52103.65,Value 100,Value 100,Value 100,Value 100,Value 100,Value 100,REG0015
POL0101,2025-04-16 00:00:00,2024-10-12 00:00:00,500,2025-08-23 00:00:00,CUS0008,92816.42,17366.18,Annual,Yes,32632.85,16318.94,AGE0014,Jun,Q3,81,2024-10-02 00:00:00,CLA0101,POL0014,POL0017,Active,RJ,REG0013,ZON0007,91804.76,3970.46,89772.46,6680.95,51809.4,58609.52,90673.54,68119.64,Value 101,Value 101,Value 101,Value 101,Value 101,Value 101,REG0004
POL0102,2024-11-05 00:00:00,2025-07-10 00:00:00,325,2024-02-03 00:00:00,CUS0001,92035.39,13039.35,Monthly,No,8578.59,17387.42,AGE0002,Aug,Q1,689,2025-01-31 00:00:00,CLA0102,POL0007,POL0001,Active,WB,REG0008,ZON0011,98864.67,2691.5,56330.23,58868.59,66787.51,58154.01,66588.7,47321.58,Value 102,Value 102,Value 102,Value 102,Value 102,Value 102,REG0004
POL0103,2025-03-15 00:00:00,2025-10-26 00:00:00,761,2025-09-05 00:00:00,CUS0008,77827.31,27417.15,Monthly,Yes,24393.43,49052.08,AGE0020,Dec,Q3,480,2025-11-23 00:00:00,CLA0103,POL0019,POL0017,Inactive,KA,REG0017,ZON0021,75663.43,40393.33,85307.58,83215.08,62705.39,346.4,65660.42,61228.37,Value 103,Value 103,Value 103,Value 103,Value 103,Value 103,REG0008
POL0104,2024-07-30 00:00:00,2024-03-13 00:00:00,72,2025-12-06 00:00:00,CUS0005,41235.5,24818.89,Monthly,No,17278.5,23223.83,AGE0007,Oct,Q1,318,2024-06-13 00:00:00,CLA0104,POL0018,POL0023,Inactive,DL,REG0015,ZON0013,82862.41,99448.57,6104.98,99414.43,59488.08,49894.12,34165.0,82818.07,Value 104,Value 104,Value 104,Value 104,Value 104,Value 104,REG0012
POL0105,2024-07-18 00:00:00,2025-10-28 00:00:00,896,2025-08-18 00:00:00,CUS0022,62003.02,15848.52,Quarterly,Yes,96305.83,85899.03,AGE0008,Oct,Q3,216,2025-03-27 00:00:00,CLA0105,POL0004,POL0004,Active,KA,REG0002,ZON0009,65569.09,2149.48,23711.49,91301.18,4823.04,31479.23,77634.58,28348.19,Value 105,Value 105,Value 105,Value 105,Value 105,Value 105,REG0002
POL0106,2025-05-18 00:00:00,2025-11-30 00:00:00,759,2025-08-10 00:00:00,CUS0003,2674.43,72637.14,Annual,No,20132.46,35774.44,AGE0013,Mar,Q2,219,2024-02-17 00:00:00,CLA0106,POL0014,POL0004,Inactive,KA,REG0015,ZON0018,49437.66,23633.4,27136.93,12160.5,32717.79,28968.5,13283.27,9840.49,Value 106,Value 106,Value 106,Value 106,Value 106,Value 106,REG0024
POL0107,2025-03-25 00:00:00,2025-03-04 00:00:00,654,2025-04-27 00:00:00,CUS0021,50715.55,39257.32,Annual,Yes,90169.13,2786.26,AGE0003,Jan,Q2,76,2024-07-26 00:00:00,CLA0107,POL0020,POL0023,Active,GJ,REG0002,ZON0007,85242.27,34676.09,57700.33,78570.84,16644.74,21440.18,11847.33,80956.85,Value 107,Value 107,Value 107,Value 107,Value 107,Value 107,REG0024
POL0108,2025-11-03 00:00:00,2024-11-12 00:00:00,597,2025-08-25 00:00:00,CUS0010,83756.05,46438.19,Annual,Yes,76480.03,18535.28,AGE0004,Nov,Q4,312,2025-11-23 00:00:00,CLA0108,POL0024,POL0016,Active,RJ,REG0020,ZON0005,53430.69,75644.24,12990.98,27204.37,87471.41,14129.55,76502.82,18826.66,Value 108,Value 108,Value 108,Value 108,Value 108,Value 108,REG0009
POL0109,2025-12-10 00:00:00,2025-05-11 00:00:00,728,2025-08-25 00:00:00,CUS0022,26475.07,74791.79,Quarterly,Yes,71674.58,78210.07,AGE0007,May,Q4,81,2025-12-31 00:00:00,CLA0109,POL0002,POL0021,Active,WB,REG0020,ZON0007,93728.89,89240.06,42591.65,31603.78,44672.83,30943.25,79644.97,95635.46,Value 109,Value 109,Value 109,Value 109,Value 109,Value 109,REG0025
POL0110,2024-05-02 00:00:00,2024-05-04 00:00:00,479,2024-10-03 00:00:00,CUS0018,23959.39,71581.82,Quarterly,No,97473.31,55743.11,AGE0017,Nov,Q1,931,2024-01-21 00:00:00,CLA0110,POL0013,POL0002,Active,DL,REG0001,ZON0004,85746.83,39001.75,40044.97,6898.66,96826.56,99410.68,69158.29,37030.48,Value 110,Value 110,Value 110,Value 110,Value 110,Value 110,REG0022
POL0111,2024-04-11 00:00:00,2024-01-22 00:00:00,435,2025-02-07 00:00:00,CUS0006,58982.37,12008.75,Annual,No,4827.72,27344.19,AGE0001,Mar,Q4,890,2024-09-22 00:00:00,CLA0111,POL0013,POL0003,Inactive,TS,REG0011,ZON0012,98482.37,20150.76,9779.21,39971.37,31848.21,96869.13,71052.63,63840.91,Value 111,Value 111,Value 111,Value 111,Value 111,Value 111,REG0020
POL0112,2024-11-09 00:00:00,2025-12-17 00:00:00,718,2024-06-26 00:00:00,CUS0010,31666.31,78066.49,Quarterly,Yes,84774.36,34251.84,AGE0023,Jun,Q2,309,2025-05-07 00:00:00,CLA0112,POL0001,POL0021,Inactive,RJ,REG0007,ZON0021,46564.71,44342.11,53740.88,36535.85,36846.31,21432.16,62961.09,53788.87,Value 112,Value 112,Value 112,Value 112,Value 112,Value 112,REG0010
POL0113,2025-12-06 00:00:00,2024-06-06 00:00:00,379,2024-08-28 00:00:00,CUS0009,73475.34,33613.86,Annual,Yes,91762.11,44703.29,AGE0015,Apr,Q2,257,2024-10-02 00:00:00,CLA0113,POL0001,POL0014,Inactive,WB,REG0017,ZON0022,52405.53,52554.71,4121.08,27006.05,90971.24,13029.47,7255.61,94608.82,Value 113,Value 113,Value 113,Value 113,Value 113,Value 113,REG0010
POL0114,2025-04-14 00:00:00,2024-06-07 00:00:00,143,2025-10-12 00:00:00,CUS0025,47963.75,71446.84,Annual,Yes,27154.36,48820.87,AGE0013,Jun,Q4,917,2025-05-17 00:00:00,CLA0114,POL0019,POL0022,Active,WB,REG0013,ZON0021,60562.24,34736.92,74567.68,47150.58,67675.89,93979.41,46979.71,65709.81,Value 114,Value 114,Value 114,Value 114,Value 114,Value 114,REG0008
POL0115,2024-06-21 00:00:00,2024-01-23 00:00:00,801,2024-01-13 00:00:00,CUS0016,98630.13,30470.21,Monthly,No,35112.72,45812.31,AGE0023,Mar,Q1,13,2025-04-07 00:00:00,CLA0115,POL0009,POL0007,Inactive,DL,REG0018,ZON0019,60505.09,27593.36,35286.59,62039.75,42650.47,23962.66,53769.49,6330.92,Value 115,Value 115,Value 115,Value 115,Value 115,Value 115,REG0022
POL0116,2024-01-25 00:00:00,2024-12-30 00:00:00,294,2024-05-10 00:00:00,CUS0021,12514.25,68870.65,Annual,No,34907.17,48124.99,AGE0007,Jun,Q1,410,2024-05-25 00:00:00,CLA0116,POL0002,POL0011,Inactive,KA,REG0018,ZON0024,67975.89,8341.5,58749.62,71262.52,6325.42,81396.21,79925.3,70725.51,Value 116,Value 116,Value 116,Value 116,Value 116,Value 116,REG0021
POL0117,2024-06-23 00:00:00,2024-10-16 00:00:00,463,2025-06-20 00:00:00,CUS0015,71790.28,75229.05,Monthly,No,79986.14,88628.66,AGE0018,Nov,Q2,308,2025-03-01 00:00:00,CLA0117,POL0018,POL0009,Inactive,UP,REG0023,ZON0005,61138.31,98472.65,65321.05,21690.4,92128.98,94875.71,36211.12,3172.08,Value 117,Value 117,Value 117,Value 117,Value 117,Value 117,REG0001
POL0118,2024-04-12 00:00:00,2024-05-24 00:00:00,658,2025-01-10 00:00:00,CUS0001,3437.06,1476.78,Monthly,Yes,79744.72,90178.41,AGE0004,Feb,Q1,320,2024-05-24 00:00:00,CLA0118,POL0019,POL0013,Active,KL,REG0006,ZON0018,94556.64,61237.8,72905.47,56648.37,76958.02,71206.43,87521.45,10474.35,Value 118,Value 118,Value 118,Value 118,Value 118,Value 118,REG0005
POL0119,2025-08-18 00:00:00,2024-11-27 00:00:00,549,2024-09-06 00:00:00,CUS0004,76278.73,98142.57,Quarterly,Yes,98650.63,76490.77,AGE0015,Aug,Q4,721,2024-10-13 00:00:00,CLA0119,POL0006,POL0020,Inactive,MH,REG0004,ZON0022,42489.22,5512.82,29224.21,62602.77,58028.02,2130.19,67817.07,34772.24,Value 119,Value 119,Value 119,Value 119,Value 119,Value 119,REG0007
POL0120,2024-04-05 00:00:00,2025-02-02 00:00:00,851,2025-09-16 00:00:00,CUS0002,33877.54,74284.84,Annual,No,97984.58,66957.11,AGE0020,Nov,Q3,420,2025-01-04 00:00:00,CLA0120,POL0011,POL0005,Active,WB,REG0018,ZON0006,26584.11,55961.97,87629.65,37100.27,34178.81,73198.09,25567.75,39904.59,Value 120,Value 120,Value 120,Value 120,Value 120,Value 120,REG0012
POL0121,2025-03-12 00:00:00,2025-03-10 00:00:00,264,2025-01-09 00:00:00,CUS0021,36509.9,13155.66,Quarterly,Yes,32842.93,146.1,AGE0011,Jul,Q1,731,2024-01-16 00:00:00,CLA0121,POL0016,POL0013,Active,GJ,REG0002,ZON0019,58195.06,54805.34,68396.5,7938.22,75867.27,48995.38,57523.94,16817.47,Value 121,Value 121,Value 121,Value 121,Value 121,Value 121,REG0007
POL0122,2025-07-04 00:00:00,2025-09-12 00:00:00,904,2025-04-08 00:00:00,CUS0015,41599.02,9818.03,Annual,No,28183.14,29322.83,AGE0021,Jul,Q1,664,2024-12-26 00:00:00,CLA0122,POL0010,POL0001,Inactive,GJ,REG0014,ZON0004,43327.42,28020.21,39251.06,37195.2,68602.19,44914.17,49683.51,97110.65,Value 122,Value 122,Value 122,Value 122,Value 122,Value 122,REG0016
POL0123,2025-05-16 00:00:00,2024-05-03 00:00:00,60,2024-08-13 00:00:00,CUS0023,6156.86,33693.45,Quarterly,Yes,8468.69,99568.89,AGE0021,Oct,Q4,369,2025-02-19 00:00:00,CLA0123,POL0009,POL0008,Active,GJ,REG0021,ZON0024,19165.27,86988.2,56330.68,61570.89,93305.17,76684.08,99250.62,81888.92,Value 123,Value 123,Value 123,Value 123,Value 123,Value 123,REG0013
POL0124,2024-05-22 00:00:00,2024-09-27 00:00:00,40,2024-12-20 00:00:00,CUS0025,49922.58,95317.3,Quarterly,No,14726.2,91546.71,AGE0015,Jul,Q2,7,2025-07-05 00:00:00,CLA0124,POL0012,POL0007,Active,KL,REG0018,ZON0017,47643.62,53519.97,40107.85,58583.62,44337.25,58340.01,12767.92,1841.83,Value 124,Value 124,Value 124,Value 124,Value 124,Value 124,REG0021
POL0125,2024-12-29 00:00:00,2024-10-17 00:00:00,924,2025-07-21 00:00:00,CUS0017,92890.09,56132.58,Quarterly,No,73784.0,62028.64,AGE0007,Jul,Q2,511,2024-01-24 00:00:00,CLA0125,POL0024,POL0003,Active,WB,REG0005,ZON0017,61633.96,33500.48,67790.47,16800.21,16952.02,13786.76,35066.22,37431.86,Value 125,Value 125,Value 125,Value 125,Value 125,Value 125,REG0005
POL0126,2024-03-17 00:00:00,2025-05-07 00:00:00,554,2025-08-20 00:00:00,CUS0015,43220.1,35073.3,Quarterly,Yes,73476.21,90557.04,AGE0002,Nov,Q3,553,2024-04-27 00:00:00,CLA0126,POL0012,POL0012,Inactive,GJ,REG0011,ZON0002,59268.5,85476.25,41927.89,18797.21,81781.49,19589.5,11319.97,98220.6,Value 126,Value 126,Value 126,Value 126,Value 126,Value 126,REG0007
POL0127,2024-07-22 00:00:00,2024-06-19 00:00:00,529,2025-03-22 00:00:00,CUS0013,90013.13,96387.91,Monthly,No,35293.39,63714.13,AGE0009,Feb,Q3,935,2025-06-27 00:00:00,CLA0127,POL0015,POL0020,Inactive,UP,REG0022,ZON0023,63253.21,97106.47,67915.17,21269.81,91708.07,85795.19,41016.43,80060.03,Value 127,Value 127,Value 127,Value 127,Value 127,Value 127,REG0001
POL0128,2024-12-24 00:00:00,2024-08-15 00:00:00,316,2025-10-14 00:00:00,CUS0018,56060.33,1658.86,Quarterly,Yes,64741.83,70352.22,AGE0012,Jul,Q4,693,2024-04-04 00:00:00,CLA0128,POL0008,POL0013,Active,MH,REG0021,ZON0012,25277.68,17915.55,52155.1,15427.78,57495.21,34656.28,19676.56,89908.64,Value 128,Value 128,Value 128,Value 128,Value 128,Value 128,REG0003
POL0129,2025-12-17 00:00:00,2024-12-28 00:00:00,206,2024-02-13 00:00:00,CUS0023,57873.53,41965.25,Annual,No,61004.03,19647.93,AGE0006,Jun,Q4,555,2025-10-17 00:00:00,CLA0129,POL0021,POL0020,Active,TN,REG0010,ZON0007,57580.54,29492.71,40623.05,35784.52,23138.01,6621.92,73948.17,1041.97,Value 129,Value 129,Value 129,Value 129,Value 129,Value 129,REG0017
POL0130,2024-10-18 00:00:00,2025-12-06 00:00:00,437,2025-05-19 00:00:00,CUS0019,78101.45,2392.74,Monthly,No,46184.55,25042.16,AGE0017,Aug,Q4,99,2024-08-15 00:00:00,CLA0130,POL0010,POL0022,Active,TS,REG0005,ZON0001,33332.55,5450.56,23532.64,46427.09,50750.95,34082.69,11754.17,65813.76,Value 130,Value 130,Value 130,Value 130,Value 130,Value 130,REG0006
POL0131,2024-09-02 00:00:00,2024-12-16 00:00:00,974,2025-09-29 00:00:00,CUS0017,4546.52,18642.47,Monthly,Yes,46964.83,82201.91,AGE0016,Aug,Q2,914,2024-09-15 00:00:00,CLA0131,POL0015,POL0003,Active,GJ,REG0023,ZON0016,7367.96,56603.36,35744.51,68647.72,63345.14,21431.47,84159.68,61302.21,Value 131,Value 131,Value 131,Value 131,Value 131,Value 131,REG0014
POL0132,2024-02-28 00:00:00,2024-05-07 00:00:00,323,2025-10-11 00:00:00,CUS0020,42890.04,12270.65,Annual,No,30929.82,61525.82,AGE0025,Feb,Q4,247,2024-05-18 00:00:00,CLA0132,POL0025,POL0005,Inactive,MH,REG0015,ZON0021,35928.82,99540.05,93501.0,9506.62,20829.2,44688.89,69168.42,12523.95,Value 132,Value 132,Value 132,Value 132,Value 132,Value 132,REG0014
POL0133,2024-11-06 00:00:00,2024-09-25 00:00:00,138,2025-11-26 00:00:00,CUS0025,29073.85,55894.58,Monthly,Yes,52209.21,33960.29,AGE0010,Apr,Q4,616,2024-02-27 00:00:00,CLA0133,POL0016,POL0014,Active,RJ,REG0008,ZON0009,86951.68,45748.71,39438.79,89059.28,15958.73,38456.33,23427.99,95282.68,Value 133,Value 133,Value 133,Value 133,Value 133,Value 133,REG0020
POL0134,2025-05-20 00:00:00,2025-11-15 00:00:00,52,2024-05-26 00:00:00,CUS0009,62293.56,65267.44,Annual,No,6323.15,59497.95,AGE0014,Oct,Q4,524,2025-08-23 00:00:00,CLA0134,POL0019,POL0004,Active,DL,REG0025,ZON0008,13614.4,25503.28,3485.69,58075.81,82014.14,73366.4,88395.11,83356.23,Value 134,Value 134,Value 134,Value 134,Value 134,Value 134,REG0003
POL0135,2025-06-19 00:00:00,2025-04-02 00:00:00,929,2025-03-12 00:00:00,CUS0018,83723.41,81465.8,Annual,Yes,70626.97,72652.24,AGE0012,Jun,Q3,748,2024-09-28 00:00:00,CLA0135,POL0025,POL0008,Active,KL,REG0021,ZON0008,33353.47,34073.16,53201.6,21183.89,23331.38,13321.61,32579.8,4132.1,Value 135,Value 135,Value 135,Value 135,Value 135,Value 135,REG0006
POL0136,2024-11-05 00:00:00,2025-10-12 00:00:00,798,2024-11-14 00:00:00,CUS0005,62076.74,83388.52,Annual,Yes,69605.84,64285.22,AGE0014,Sep,Q1,272,2024-03-23 00:00:00,CLA0136,POL0001,POL0005,Active,RJ,REG0011,ZON0014,93116.73,93916.59,85737.6,82490.16,11227.73,51045.28,5141.33,148.2,Value 136,Value 136,Value 136,Value 136,Value 136,Value 136,REG0023
POL0137,2025-06-10 00:00:00,2025-12-04 00:00:00,497,2024-08-04 00:00:00,CUS0023,1405.92,52312.05,Monthly,No,47303.65,8207.17,AGE0001,Apr,Q3,123,2024-09-02 00:00:00,CLA0137,POL0008,POL0020,Inactive,RJ,REG0015,ZON0010,40564.06,12433.88,58032.36,21560.49,88771.06,86182.26,72585.52,43767.01,Value 137,Value 137,Value 137,Value 137,Value 137,Value 137,REG0011
POL0138,2025-07-30 00:00:00,2025-10-25 00:00:00,588,2025-07-04 00:00:00,CUS0005,18279.75,36548.73,Quarterly,Yes,18345.66,61881.64,AGE0020,Nov,Q4,681,2025-11-15 00:00:00,CLA0138,POL0004,POL0021,Active,GJ,REG0021,ZON0001,33786.53,25764.17,38100.4,3616.55,54036.89,85838.71,84598.67,83183.43,Value 138,Value 138,Value 138,Value 138,Value 138,Value 138,REG0010
POL0139,2024-02-25 00:00:00,2024-11-17 00:00:00,909,2025-05-17 00:00:00,CUS0015,91487.25,58387.19,Quarterly,Yes,73576.33,29195.88,AGE0024,Jul,Q3,205,2024-05-22 00:00:00,CLA0139,POL0001,POL0018,Active,MH,REG0002,ZON0020,7976.74,72644.13,68189.04,80281.34,90670.99,68197.29,31713.99,70279.6,Value 139,Value 139,Value 139,Value 139,Value 139,Value 139,REG0015
POL0140,2024-01-28 00:00:00,2025-11-11 00:00:00,306,2025-08-30 00:00:00,CUS0009,44865.05,39952.22,Monthly,Yes,30561.09,65455.85,AGE0017,Nov,Q4,172,2025-01-21 00:00:00,CLA0140,POL0005,POL0022,Active,DL,REG0007,ZON0013,79025.47,58485.67,22054.06,32081.98,45646.99,45365.89,40476.94,84197.36,Value 140,Value 140,Value 140,Value 140,Value 140,Value 140,REG0019
POL0141,2025-05-26 00:00:00,2024-09-28 00:00:00,847,2024-01-03 00:00:00,CUS0020,2363.67,72002.72,Quarterly,No,75271.34,89918.49,AGE0001,Feb,Q1,769,2024-02-15 00:00:00,CLA0141,POL0009,POL0025,Active,RJ,REG0012,ZON0003,72828.32,15950.71,63052.52,93243.59,94306.17,45674.59,7296.64,87398.77,Value 141,Value 141,Value 141,Value 141,Value 141,Value 141,REG0011
POL0142,2025-12-22 00:00:00,2025-07-25 00:00:00,651,2025-08-05 00:00:00,CUS0020,36655.62,87968.84,Quarterly,Yes,77861.03,98167.58,AGE0024,Dec,Q3,516,2024-05-25 00:00:00,CLA0142,POL0014,POL0009,Inactive,GJ,REG0005,ZON0024,31746.63,13229.02,87492.76,26995.02,21189.03,85812.4,81566.96,62352.77,Value 142,Value 142,Value 142,Value 142,Value 142,Value 142,REG0022
POL0143,2024-10-04 00:00:00,2025-12-10 00:00:00,458,2024-11-09 00:00:00,CUS0009,68013.11,37002.26,Quarterly,Yes,92444.1,65610.64,AGE0014,Dec,Q4,756,2025-08-03 00:00:00,CLA0143,POL0021,POL0020,Inactive,GJ,REG0014,ZON0015,57745.68,31960.46,50734.7,48132.6,42348.77,10180.78,56232.5,99118.94,Value 143,Value 143,Value 143,Value 143,Value 143,Value 143,REG0020
POL0144,2024-11-01 00:00:00,2024-09-15 00:00:00,82,2024-07-20 00:00:00,CUS0014,53042.9,10513.57,Monthly,No,9023.95,85564.46,AGE0017,Apr,Q4,6,2025-03-28 00:00:00,CLA0144,POL0019,POL0018,Active,MH,REG0001,ZON0009,84672.57,29156.95,80446.08,9724.28,63513.98,75983.25,22827.28,54083.5,Value 144,Value 144,Value 144,Value 144,Value 144,Value 144,REG0008
POL0145,2025-03-30 00:00:00,2025-06-06 00:00:00,989,2024-12-16 00:00:00,CUS0001,5008.81,64325.19,Annual,Yes,61355.44,43568.24,AGE0007,Mar,Q3,99,2024-08-18 00:00:00,CLA0145,POL0003,POL0004,Active,MH,REG0017,ZON0022,16494.42,87693.67,65613.15,43186.93,47762.12,2825.1,5073.63,44295.04,Value 145,Value 145,Value 145,Value 145,Value 145,Value 145,REG0001
POL0146,2024-04-19 00:00:00,2024-11-07 00:00:00,506,2024-02-21 00:00:00,CUS0011,56206.57,22379.11,Quarterly,Yes,38793.13,12086.69,AGE0001,Feb,Q3,836,2024-12-03 00:00:00,CLA0146,POL0021,POL0013,Active,MH,REG0002,ZON0007,7261.31,83134.39,89849.03,75870.09,3511.07,42060.09,29311.36,92495.53,Value 146,Value 146,Value 146,Value 146,Value 146,Value 146,REG0023
POL0147,2024-04-17 00:00:00,2024-06-06 00:00:00,395,2024-06-27 00:00:00,CUS0018,88305.11,50967.88,Annual,No,71114.04,74557.28,AGE0005,May,Q1,358,2025-01-01 00:00:00,CLA0147,POL0013,POL0022,Active,RJ,REG0007,ZON0007,52843.71,3826.08,74757.18,30578.35,38710.15,2448.08,2590.64,29337.56,Value 147,Value 147,Value 147,Value 147,Value 147,Value 147,REG0003
POL0148,2025-09-27 00:00:00,2025-02-21 00:00:00,318,2025-04-02 00:00:00,CUS0004,27388.49,30213.15,Monthly,Yes,75588.8,92944.76,AGE0004,Feb,Q4,93,2024-02-25 00:00:00,CLA0148,POL0010,POL0003,Active,GJ,REG0023,ZON0010,44513.84,13091.99,54706.38,41379.18,77635.28,98461.41,87412.34,13885.58,Value 148,Value 148,Value 148,Value 148,Value 148,Value 148,REG0018
POL0149,2025-02-28 00:00:00,2024-09-26 00:00:00,520,2025-03-04 00:00:00,CUS0013,76300.56,96445.09,Quarterly,No,60229.42,27871.2,AGE0004,Feb,Q4,556,2024-06-15 00:00:00,CLA0149,POL0017,POL0016,Active,WB,REG0014,ZON0021,80688.68,27638.73,87733.62,57604.05,78102.54,52542.45,28584.27,83053.48,Value 149,Value 149,Value 149,Value 149,Value 149,Value 149,REG0024
POL0150,2024-09-07 00:00:00,2025-06-28 00:00:00,93,2024-05-14 00:00:00,CUS0024,56527.36,59174.25,Quarterly,Yes,52669.21,24467.11,AGE0012,Feb,Q4,253,2025-11-23 00:00:00,CLA0150,POL0023,POL0002,Inactive,DL,REG0010,ZON0017,89542.35,50832.44,78125.27,58637.21,99030.45,9236.93,5625.99,11632.53,Value 150,Value 150,Value 150,Value 150,Value 150,Value 150,REG0015
POL0151,2025-08-25 00:00:00,2025-06-28 00:00:00,813,2024-01-31 00:00:00,CUS0019,41169.27,78296.36,Quarterly,Yes,20503.1,90702.37,AGE0019,Nov,Q4,236,2024-05-21 00:00:00,CLA0151,POL0010,POL0013,Inactive,RJ,REG0010,ZON0017,48472.69,65673.76,99200.42,32661.89,41444.16,21509.19,26519.12,39258.09,Value 151,Value 151,Value 151,Value 151,Value 151,Value 151,REG0008
POL0152,2024-08-21 00:00:00,2024-07-25 00:00:00,444,2025-01-27 00:00:00,CUS0007,48884.46,41119.62,Quarterly,No,69072.13,89686.58,AGE0006,Aug,Q1,238,2024-02-18 00:00:00,CLA0152,POL0021,POL0004,Active,TN,REG0006,ZON0021,58664.59,19309.06,90317.44,20236.32,21120.92,97454.82,55805.27,68252.84,Value 152,Value 152,Value 152,Value 152,Value 152,Value 152,REG0009
POL0153,2024-01-10 00:00:00,2025-07-29 00:00:00,506,2025-03-18 00:00:00,CUS0007,43269.52,71024.96,Monthly,Yes,24965.92,46636.45,AGE0021,Jan,Q3,951,2024-02-22 00:00:00,CLA0153,POL0016,POL0015,Active,TN,REG0017,ZON0017,46287.79,77903.83,31803.53,81235.97,54371.87,38566.05,54815.55,18894.69,Value 153,Value 153,Value 153,Value 153,Value 153,Value 153,REG0011
POL0154,2025-02-10 00:00:00,2025-11-17 00:00:00,637,2024-09-30 00:00:00,CUS0005,72968.09,89372.85,Monthly,Yes,45344.88,35725.73,AGE0024,Feb,Q1,522,2025-02-19 00:00:00,CLA0154,POL0015,POL0010,Inactive,UP,REG0023,ZON0004,74618.53,33321.09,57256.13,21029.76,39298.57,25631.79,34685.84,1803.56,Value 154,Value 154,Value 154,Value 154,Value 154,Value 154,REG0021
POL0155,2025-02-11 00:00:00,2025-08-05 00:00:00,930,2024-01-14 00:00:00,CUS0007,81314.82,44015.78,Annual,No,45708.03,55484.48,AGE0002,Oct,Q3,975,2024-05-06 00:00:00,CLA0155,POL0003,POL0012,Active,TN,REG0010,ZON0023,80651.62,21854.47,44883.68,7602.82,64264.53,75525.33,34277.79,59855.28,Value 155,Value 155,Value 155,Value 155,Value 155,Value 155,REG0025
POL0156,2025-10-27 00:00:00,2025-11-28 00:00:00,185,2024-08-17 00:00:00,CUS0014,34625.92,72020.25,Quarterly,Yes,28790.85,66493.52,AGE0010,Oct,Q1,355,2025-11-16 00:00:00,CLA0156,POL0022,POL0012,Active,TN,REG0013,ZON0024,76250.51,54591.58,20722.1,33046.62,4194.38,54032.95,428.02,33293.02,Value 156,Value 156,Value 156,Value 156,Value 156,Value 156,REG0024
POL0157,2024-06-08 00:00:00,2025-10-15 00:00:00,986,2024-05-16 00:00:00,CUS0022,40120.26,68284.58,Quarterly,No,17599.81,36971.33,AGE0004,Jan,Q2,289,2025-07-24 00:00:00,CLA0157,POL0016,POL0017,Active,MH,REG0018,ZON0018,98802.23,46376.99,32128.95,29512.19,98770.55,29803.08,55232.81,29334.35,Value 157,Value 157,Value 157,Value 157,Value 157,Value 157,REG0008
POL0158,2024-04-04 00:00:00,2024-04-28 00:00:00,878,2024-05-17 00:00:00,CUS0015,43542.2,50521.69,Monthly,No,95973.05,23782.85,AGE0023,Oct,Q1,107,2025-06-14 00:00:00,CLA0158,POL0019,POL0021,Active,KL,REG0005,ZON0004,85231.72,87078.89,13798.1,69839.47,47426.87,92502.03,34091.09,8576.55,Value 158,Value 158,Value 158,Value 158,Value 158,Value 158,REG0021
POL0159,2025-10-22 00:00:00,2024-12-23 00:00:00,891,2025-06-26 00:00:00,CUS0024,45262.56,18143.01,Annual,No,36056.0,2811.8,AGE0011,Dec,Q2,894,2024-03-01 00:00:00,CLA0159,POL0023,POL0004,Inactive,GJ,REG0023,ZON0002,22773.1,84537.58,39170.33,4206.62,54723.12,71624.86,24430.71,52658.43,Value 159,Value 159,Value 159,Value 159,Value 159,Value 159,REG0001
POL0160,2024-03-02 00:00:00,2024-07-14 00:00:00,112,2024-08-30 00:00:00,CUS0011,17878.41,25709.8,Annual,No,34816.64,46487.5,AGE0016,Apr,Q1,600,2024-07-15 00:00:00,CLA0160,POL0010,POL0006,Active,UP,REG0007,ZON0013,51574.44,17206.29,38097.33,43506.12,13682.56,61640.59,12831.87,54572.19,Value 160,Value 160,Value 160,Value 160,Value 160,Value 160,REG0020
POL0161,2025-08-07 00:00:00,2024-10-27 00:00:00,711,2025-06-12 00:00:00,CUS0020,99338.9,94697.81,Quarterly,No,163.99,66702.72,AGE0019,Aug,Q1,474,2024-11-30 00:00:00,CLA0161,POL0023,POL0023,Active,TN,REG0008,ZON0014,12423.36,55487.56,18617.5,93991.51,53302.48,19198.77,718.27,75013.81,Value 161,Value 161,Value 161,Value 161,Value 161,Value 161,REG0011
POL0162,2025-01-17 00:00:00,2024-03-29 00:00:00,987,2025-10-26 00:00:00,CUS0002,34389.81,24224.9,Quarterly,Yes,89931.22,27628.39,AGE0019,Mar,Q3,145,2025-11-22 00:00:00,CLA0162,POL0014,POL0017,Active,UP,REG0001,ZON0003,9450.05,97386.87,77581.81,76945.12,86760.65,13661.57,835.63,57664.97,Value 162,Value 162,Value 162,Value 162,Value 162,Value 162,REG0005
POL0163,2025-05-09 00:00:00,2025-11-15 00:00:00,257,2025-09-14 00:00:00,CUS0002,44530.24,21894.84,Monthly,No,86431.38,37113.13,AGE0014,Sep,Q2,609,2024-08-10 00:00:00,CLA0163,POL0003,POL0008,Active,RJ,REG0019,ZON0023,42579.86,81991.96,87159.14,19111.44,42429.08,38831.48,30563.63,26454.75,Value 163,Value 163,Value 163,Value 163,Value 163,Value 163,REG0021
POL0164,2024-11-07 00:00:00,2025-01-22 00:00:00,550,2025-01-03 00:00:00,CUS0008,453.83,14449.91,Quarterly,Yes,34062.39,83273.6,AGE0003,Jun,Q4,190,2025-09-06 00:00:00,CLA0164,POL0021,POL0015,Active,MH,REG0018,ZON0004,69763.51,56023.89,97734.84,89702.05,16512.69,1937.76,7558.28,36331.25,Value 164,Value 164,Value 164,Value 164,Value 164,Value 164,REG0012
POL0165,2025-06-14 00:00:00,2024-06-29 00:00:00,916,2025-10-01 00:00:00,CUS0016,62862.48,37378.67,Quarterly,No,98400.16,57592.41,AGE0021,Dec,Q2,500,2025-10-26 00:00:00,CLA0165,POL0001,POL0011,Active,KL,REG0008,ZON0021,3138.9,61848.66,99215.03,49584.63,95060.12,67987.48,31237.76,8782.8,Value 165,Value 165,Value 165,Value 165,Value 165,Value 165,REG0007
POL0166,2024-01-16 00:00:00,2024-04-22 00:00:00,460,2025-05-17 00:00:00,CUS0012,37812.85,21700.47,Annual,Yes,3145.08,17600.04,AGE0021,Sep,Q1,309,2024-04-22 00:00:00,CLA0166,POL0001,POL0002,Inactive,DL,REG0006,ZON0022,55234.83,12310.78,16238.2,79208.91,48174.02,54937.54,1833.68,87128.06,Value 166,Value 166,Value 166,Value 166,Value 166,Value 166,REG0024
POL0167,2025-02-16 00:00:00,2024-03-12 00:00:00,582,2025-01-21 00:00:00,CUS0020,59863.54,22641.84,Annual,Yes,80491.83,82068.33,AGE0017,Apr,Q4,156,2025-02-06 00:00:00,CLA0167,POL0022,POL0025,Inactive,TS,REG0020,ZON0009,87352.32,49288.5,17503.97,9428.11,88650.31,33759.72,67210.18,90142.72,Value 167,Value 167,Value 167,Value 167,Value 167,Value 167,REG0010
POL0168,2025-12-03 00:00:00,2024-03-20 00:00:00,58,2024-07-14 00:00:00,CUS0005,92657.16,10131.35,Annual,No,44153.47,71951.59,AGE0019,Jun,Q1,682,2025-01-12 00:00:00,CLA0168,POL0024,POL0025,Active,DL,REG0016,ZON0013,61962.09,102.04,10320.74,73870.24,91509.98,69613.62,46285.54,91490.73,Value 168,Value 168,Value 168,Value 168,Value 168,Value 168,REG0007
POL0169,2025-10-13 00:00:00,2024-02-14 00:00:00,188,2025-08-02 00:00:00,CUS0023,36078.79,24696.4,Annual,No,45708.59,70868.69,AGE0014,Dec,Q2,796,2024-07-20 00:00:00,CLA0169,POL0008,POL0015,Active,MH,REG0024,ZON0020,73905.19,98362.42,94101.13,41180.16,47205.97,67901.59,82584.08,67314.24,Value 169,Value 169,Value 169,Value 169,Value 169,Value 169,REG0012
POL0170,2024-06-28 00:00:00,2024-09-07 00:00:00,561,2025-03-16 00:00:00,CUS0002,84651.73,30502.12,Annual,No,91462.8,65501.3,AGE0017,Apr,Q4,585,2025-01-04 00:00:00,CLA0170,POL0010,POL0021,Inactive,DL,REG0019,ZON0009,87798.72,99415.2,38040.66,39282.46,14196.87,1951.5,20168.9,15072.53,Value 170,Value 170,Value 170,Value 170,Value 170,Value 170,REG0009
POL0171,2024-05-08 00:00:00,2025-07-27 00:00:00,657,2025-12-22 00:00:00,CUS0025,8216.98,2132.55,Annual,Yes,92517.53,53660.0,AGE0013,Jul,Q4,875,2025-03-26 00:00:00,CLA0171,POL0014,POL0013,Active,MH,REG0007,ZON0021,34434.12,89307.66,23331.44,56075.83,59755.45,5816.29,18081.25,46353.58,Value 171,Value 171,Value 171,Value 171,Value 171,Value 171,REG0022
POL0172,2024-10-04 00:00:00,2024-06-22 00:00:00,800,2025-03-31 00:00:00,CUS0018,33103.58,69207.44,Annual,Yes,41814.47,14415.28,AGE0013,Jan,Q2,650,2025-08-21 00:00:00,CLA0172,POL0021,POL0025,Active,RJ,REG0008,ZON0018,18536.21,87628.32,3513.4,38931.4,52170.12,22202.0,88214.22,75623.11,Value 172,Value 172,Value 172,Value 172,Value 172,Value 172,REG0002
POL0173,2024-05-30 00:00:00,2025-01-20 00:00:00,815,2025-08-31 00:00:00,CUS0004,27632.39,98820.77,Annual,No,67803.42,99600.11,AGE0012,Jan,Q4,39,2024-11-06 00:00:00,CLA0173,POL0024,POL0006,Active,MH,REG0011,ZON0005,13413.65,65690.86,31064.58,75021.89,43070.66,36386.43,83923.75,40778.18,Value 173,Value 173,Value 173,Value 173,Value 173,Value 173,REG0017
POL0174,2024-05-10 00:00:00,2025-04-11 00:00:00,416,2025-03-24 00:00:00,CUS0013,93435.77,76794.6,Monthly,No,49154.52,51104.92,AGE0005,Jul,Q3,784,2024-04-22 00:00:00,CLA0174,POL0025,POL0017,Active,WB,REG0007,ZON0008,11361.62,80817.8,41207.03,22069.94,60477.77,64354.74,38612.84,87354.55,Value 174,Value 174,Value 174,Value 174,Value 174,Value 174,REG0010
POL0175,2024-06-29 00:00:00,2025-09-06 00:00:00,502,2025-11-05 00:00:00,CUS0005,99088.28,93420.87,Monthly,Yes,16675.54,54794.31,AGE0025,Jun,Q3,407,2024-07-21 00:00:00,CLA0175,POL0006,POL0024,Inactive,MH,REG0016,ZON0002,42774.49,69577.0,58454.83,87468.0,12661.62,89631.23,48344.55,30472.04,Value 175,Value 175,Value 175,Value 175,Value 175,Value 175,REG0006
POL0176,2024-02-18 00:00:00,2025-12-02 00:00:00,913,2024-02-04 00:00:00,CUS0008,44735.29,40156.56,Monthly,Yes,54915.1,18645.66,AGE0018,Jan,Q1,609,2024-06-30 00:00:00,CLA0176,POL0003,POL0025,Active,TN,REG0010,ZON0023,70943.01,99930.34,50211.37,90362.31,31747.77,12684.99,57214.01,19662.25,Value 176,Value 176,Value 176,Value 176,Value 176,Value 176,REG0004
POL0177,2024-11-16 00:00:00,2025-09-26 00:00:00,244,2024-03-01 00:00:00,CUS0025,33146.55,52961.55,Quarterly,No,43902.56,75011.15,AGE0025,Aug,Q4,489,2024-08-12 00:00:00,CLA0177,POL0015,POL0021,Inactive,KA,REG0016,ZON0012,36016.38,33256.28,18767.88,49504.36,90437.67,33206.46,70664.69,18520.32,Value 177,Value 177,Value 177,Value 177,Value 177,Value 177,REG0005
POL0178,2025-07-18 00:00:00,2024-07-09 00:00:00,726,2025-07-27 00:00:00,CUS0016,35316.23,54330.25,Monthly,No,81547.19,74825.12,AGE0024,Jun,Q4,849,2024-07-31 00:00:00,CLA0178,POL0001,POL0020,Inactive,KL,REG0019,ZON0022,16671.86,40628.15,8846.19,67545.81,41767.62,61052.35,49717.36,74158.21,Value 178,Value 178,Value 178,Value 178,Value 178,Value 178,REG0005
POL0179,2024-10-08 00:00:00,2025-11-23 00:00:00,751,2024-07-15 00:00:00,CUS0019,55368.89,53689.92,Annual,No,53374.26,37475.01,AGE0013,Oct,Q4,68,2024-12-26 00:00:00,CLA0179,POL0005,POL0018,Inactive,UP,REG0006,ZON0014,47370.4,35301.89,73007.25,23887.26,88839.35,98137.01,46086.35,9154.25,Value 179,Value 179,Value 179,Value 179,Value 179,Value 179,REG0012
POL0180,2024-05-26 00:00:00,2024-07-27 00:00:00,842,2025-06-24 00:00:00,CUS0010,56545.1,30711.42,Monthly,No,85033.15,44422.97,AGE0007,Apr,Q4,195,2024-07-28 00:00:00,CLA0180,POL0010,POL0020,Active,MH,REG0011,ZON0012,83079.64,28980.92,87893.62,24290.89,20668.45,21890.61,36224.46,39217.64,Value 180,Value 180,Value 180,Value 180,Value 180,Value 180,REG0014
POL0181,2025-05-22 00:00:00,2025-02-03 00:00:00,753,2024-12-18 00:00:00,CUS0011,49811.78,40337.65,Quarterly,Yes,26504.53,66562.84,AGE0020,Nov,Q4,528,2025-07-04 00:00:00,CLA0181,POL0018,POL0008,Active,TN,REG0007,ZON0017,19072.02,67004.28,32423.79,64746.35,66375.49,56778.72,8072.41,77287.46,Value 181,Value 181,Value 181,Value 181,Value 181,Value 181,REG0021
POL0182,2024-02-23 00:00:00,2025-09-05 00:00:00,895,2024-03-17 00:00:00,CUS0007,13211.38,11144.35,Monthly,Yes,56526.72,67032.67,AGE0012,Sep,Q4,428,2025-10-14 00:00:00,CLA0182,POL0019,POL0007,Active,UP,REG0006,ZON0007,58825.54,92983.53,19761.19,32560.41,32117.72,19936.03,34940.47,45044.21,Value 182,Value 182,Value 182,Value 182,Value 182,Value 182,REG0007
POL0183,2024-09-06 00:00:00,2025-09-19 00:00:00,777,2025-09-16 00:00:00,CUS0025,37066.18,27886.55,Annual,Yes,38143.67,64688.62,AGE0024,Jan,Q3,610,2025-04-05 00:00:00,CLA0183,POL0008,POL0003,Active,GJ,REG0010,ZON0024,91425.82,28314.81,43791.96,45177.85,6160.59,63645.08,7194.49,36921.9,Value 183,Value 183,Value 183,Value 183,Value 183,Value 183,REG0001
POL0184,2024-09-15 00:00:00,2024-01-04 00:00:00,867,2024-12-05 00:00:00,CUS0020,82320.68,35940.26,Monthly,No,32905.65,51958.46,AGE0017,Feb,Q2,350,2025-03-13 00:00:00,CLA0184,POL0001,POL0020,Active,WB,REG0024,ZON0025,13921.95,5029.72,54429.83,15082.05,12656.45,80423.56,34540.55,98030.9,Value 184,Value 184,Value 184,Value 184,Value 184,Value 184,REG0002
POL0185,2024-04-12 00:00:00,2024-02-05 00:00:00,282,2025-08-22 00:00:00,CUS0014,5852.97,70561.13,Monthly,Yes,82387.16,32413.96,AGE0011,Jul,Q4,320,2025-04-30 00:00:00,CLA0185,POL0008,POL0016,Active,DL,REG0022,ZON0013,23551.29,7124.4,45231.85,26683.1,7933.68,24246.1,51368.32,94979.73,Value 185,Value 185,Value 185,Value 185,Value 185,Value 185,REG0004
POL0186,2025-12-01 00:00:00,2024-09-18 00:00:00,703,2025-05-12 00:00:00,CUS0021,419.86,57251.7,Annual,Yes,35135.53,70810.94,AGE0012,Nov,Q3,282,2025-04-26 00:00:00,CLA0186,POL0020,POL0004,Active,DL,REG0019,ZON0002,91359.5,83197.94,3745.34,32224.38,56404.85,39707.8,30254.59,77497.93,Value 186,Value 186,Value 186,Value 186,Value 186,Value 186,REG0013
POL0187,2024-01-02 00:00:00,2024-11-07 00:00:00,774,2025-10-11 00:00:00,CUS0015,44783.59,40362.71,Annual,No,51036.76,23869.16,AGE0008,Dec,Q4,870,2025-12-23 00:00:00,CLA0187,POL0009,POL0001,Active,KL,REG0022,ZON0003,13757.19,64841.39,81204.29,97452.01,43848.34,46052.72,11046.02,74428.16,Value 187,Value 187,Value 187,Value 187,Value 187,Value 187,REG0002
POL0188,2024-06-13 00:00:00,2025-03-16 00:00:00,10,2025-12-20 00:00:00,CUS0011,32766.67,6105.69,Annual,No,29701.0,53716.33,AGE0003,Aug,Q4,548,2024-09-16 00:00:00,CLA0188,POL0020,POL0025,Inactive,DL,REG0016,ZON0013,63050.47,55179.44,17751.86,87317.05,64919.85,2110.01,80420.78,44570.2,Value 188,Value 188,Value 188,Value 188,Value 188,Value 188,REG0023
POL0189,2025-12-03 00:00:00,2024-09-10 00:00:00,84,2025-08-19 00:00:00,CUS0008,43081.71,72586.8,Annual,No,48714.18,68946.51,AGE0024,Nov,Q3,947,2024-02-20 00:00:00,CLA0189,POL0010,POL0015,Active,KA,REG0015,ZON0001,51189.86,24669.13,18657.6,73693.07,55548.21,23823.58,62692.25,33554.81,Value 189,Value 189,Value 189,Value 189,Value 189,Value 189,REG0011
POL0190,2024-03-05 00:00:00,2024-08-20 00:00:00,187,2024-05-09 00:00:00,CUS0018,74280.06,83623.16,Quarterly,No,17311.57,55678.06,AGE0004,Jul,Q3,308,2024-08-04 00:00:00,CLA0190,POL0015,POL0005,Active,TN,REG0008,ZON0007,74509.38,50476.85,98168.48,28784.75,67523.75,26100.73,87055.22,53329.24,Value 190,Value 190,Value 190,Value 190,Value 190,Value 190,REG0014
POL0191,2024-10-09 00:00:00,2024-08-19 00:00:00,225,2024-05-04 00:00:00,CUS0024,26533.41,69976.73,Quarterly,Yes,7384.94,20256.36,AGE0019,Jan,Q2,517,2024-11-09 00:00:00,CLA0191,POL0014,POL0017,Active,TS,REG0006,ZON0023,51133.18,8846.27,63543.28,14237.5,38369.56,61939.11,66943.04,44498.02,Value 191,Value 191,Value 191,Value 191,Value 191,Value 191,REG0008
POL0192,2024-09-02 00:00:00,2025-02-26 00:00:00,609,2024-08-09 00:00:00,CUS0002,83384.63,65979.85,Monthly,No,51233.73,11288.59,AGE0024,Jun,Q3,321,2024-11-01 00:00:00,CLA0192,POL0013,POL0015,Active,RJ,REG0024,ZON0015,52734.39,78897.09,15208.9,84241.78,19640.2,88124.76,78913.23,48679.91,Value 192,Value 192,Value 192,Value 192,Value 192,Value 192,REG0018
POL0193,2025-11-15 00:00:00,2025-10-17 00:00:00,535,2025-11-04 00:00:00,CUS0015,9772.87,58885.21,Quarterly,Yes,10250.12,31312.49,AGE0007,Jul,Q4,453,2025-09-23 00:00:00,CLA0193,POL0015,POL0003,Active,KA,REG0022,ZON0018,90011.72,4286.56,35988.85,81085.91,4851.05,12915.48,16778.37,4021.0,Value 193,Value 193,Value 193,Value 193,Value 193,Value 193,REG0025
POL0194,2025-02-06 00:00:00,2025-05-09 00:00:00,527,2024-11-25 00:00:00,CUS0025,99515.56,98469.29,Annual,Yes,10080.69,47169.41,AGE0009,Sep,Q2,652,2025-07-21 00:00:00,CLA0194,POL0017,POL0022,Active,KL,REG0013,ZON0006,66415.92,14740.43,79934.9,55913.04,51179.71,43572.6,39280.37,7693.78,Value 194,Value 194,Value 194,Value 194,Value 194,Value 194,REG0002
POL0195,2024-03-19 00:00:00,2025-09-28 00:00:00,460,2024-10-20 00:00:00,CUS0003,3565.67,21200.34,Annual,No,61959.17,57165.17,AGE0001,Sep,Q3,685,2025-02-03 00:00:00,CLA0195,POL0021,POL0025,Active,UP,REG0005,ZON0024,52055.59,31860.87,37240.55,92672.69,66751.2,48881.6,90059.45,79222.14,Value 195,Value 195,Value 195,Value 195,Value 195,Value 195,REG0011
POL0196,2024-12-06 00:00:00,2024-09-20 00:00:00,377,2024-09-06 00:00:00,CUS0003,12123.08,7465.88,Quarterly,No,92252.06,45637.52,AGE0006,Feb,Q2,265,2025-06-06 00:00:00,CLA0196,POL0017,POL0024,Active,GJ,REG0015,ZON0022,85541.25,89408.02,64372.53,25521.75,97064.5,50488.35,76895.63,86105.82,Value 196,Value 196,Value 196,Value 196,Value 196,Value 196,REG0016
POL0197,2024-09-07 00:00:00,2024-03-20 00:00:00,208,2024-04-04 00:00:00,CUS0007,41842.23,53216.4,Monthly,No,66825.15,87426.94,AGE0021,May,Q2,959,2025-12-04 00:00:00,CLA0197,POL0021,POL0015,Inactive,GJ,REG0015,ZON0010,79522.81,11576.86,14150.74,89241.04,25897.32,50353.92,75826.71,38896.16,Value 197,Value 197,Value 197,Value 197,Value 197,Value 197,REG0009
POL0198,2025-07-13 00:00:00,2025-10-21 00:00:00,546,2025-01-21 00:00:00,CUS0025,71643.42,2703.73,Monthly,No,61543.02,64376.93,AGE0010,Jan,Q1,616,2025-04-27 00:00:00,CLA0198,POL0008,POL0025,Active,KA,REG0013,ZON0020,51696.47,85832.32,34088.89,28889.73,86287.34,45251.75,13218.66,23819.33,Value 198,Value 198,Value 198,Value 198,Value 198,Value 198,REG0006
POL0199,2025-11-13 00:00:00,2025-06-29 00:00:00,38,2025-02-17 00:00:00,CUS0019,23129.84,79058.23,Quarterly,Yes,62288.09,61858.87,AGE0005,Jan,Q3,951,2024-01-18 00:00:00,CLA0199,POL0022,POL0001,Inactive,MH,REG0008,ZON0006,80935.15,85551.36,69840.86,3864.05,92395.29,86037.01,90127.04,25340.01,Value 199,Value 199,Value 199,Value 199,Value 199,Value 199,REG0010
POL0200,2024-10-16 00:00:00,2024-03-06 00:00:00,865,2025-06-29 00:00:00,CUS0018,90490.52,34121.12,Monthly,Yes,60647.09,94052.27,AGE0025,Sep,Q4,978,2024-02-06 00:00:00,CLA0200,POL0016,POL0023,Active,WB,REG0021,ZON0008,80207.05,33384.33,20257.58,94870.74,64264.25,9807.96,55546.96,34247.43,Value 200,Value 200,Value 200,Value 200,Value 200,Value 200,REG0020
