Order State,State,Region
Texas,Texas,South
California,California,West
Ohio,Ohio,Midwest
Florida,Florida,South
New York,New York,Northeast
Illinois,Illinois,Midwest
Georgia,Georgia,South
California,California,West
Georgia,Georgia,South
Arizona,Arizona,West
Texas,Texas,South
Florida,Florida,South
Texas,Texas,South
Colorado,Colorado,West
Texas,Texas,South
New York,New York,Northeast
Colorado,Colorado,West
Illinois,Illinois,Midwest
Georgia,Georgia,South
Illinois,Illinois,Midwest
Arizona,Arizona,West
Colorado,Colorado,West
Colorado,Colorado,West
Florida,Florida,South
Colorado,Colorado,West
Georgia,Georgia,South
New York,New York,Northeast
Arizona,Arizona,West
Florida,Florida,South
Ohio,Ohio,Midwest
Georgia,Georgia,South
New York,New York,Northeast
Texas,Texas,South
Illinois,Illinois,Midwest
Arizona,Arizona,West
Washington,Washington,West
Georgia,Georgia,South
Illinois,Illinois,Midwest
California,California,West
Illinois,Illinois,Midwest
Illinois,Illinois,Midwest
Ohio,Ohio,Midwest
Ohio,Ohio,Midwest
Colorado,Colorado,West
New York,New York,Northeast
Colorado,Colorado,West
Georgia,Georgia,South
Colorado,Colorado,West
Washington,Washington,West
Washington,Washington,West
Georgia,Georgia,South
Georgia,Georgia,South
Arizona,Arizona,West
Colorado,Colorado,West
Washington,Washington,West
Florida,Florida,South
Florida,Florida,South
Ohio,Ohio,Midwest
Arizona,Arizona,West
Florida,Florida,South
Arizona,Arizona,West
California,California,West
Washington,Washington,West
Colorado,Colorado,West
Arizona,Arizona,West
Arizona,Arizona,West
New York,New York,Northeast
Colorado,Colorado,West
California,California,West
New York,New York,Northeast
Georgia,Georgia,South
Ohio,Ohio,Midwest
Washington,Washington,West
Texas,Texas,South
Colorado,Colorado,West
Texas,Texas,South
Georgia,Georgia,South
Colorado,Colorado,West
California,California,West
New York,New York,Northeast
Arizona,Arizona,West
New York,New York,Northeast
Texas,Texas,South
Colorado,Colorado,West
Illinois,Illinois,Midwest
Washington,Washington,West
Ohio,Ohio,Midwest
Arizona,Arizona,West
Texas,Texas,South
Washington,Washington,West
Georgia,Georgia,South
Arizona,Arizona,West
Washington,Washington,West
Colorado,Colorado,West
Georgia,Georgia,South
California,California,West
Ohio,Ohio,Midwest
Texas,Texas,South
Florida,Florida,South
Illinois,Illinois,Midwest
