Transaction Date,Customer ID,Description,Stock Code,Invoice No,Quantity,Sales,Unit Price
2024-08-10 00:00:00,10009,Indoor Pet Camera,SKU-1063,500000,4,3508.08,877.02
2024-12-26 00:00:00,10091,Gaming Mouse,SKU-1082,500001,2,1021.28,510.64
2024-03-26 00:00:00,10048,Coffee Maker,SKU-1003,500002,14,6570.06,469.29
2024-01-15 00:00:00,10069,LED Monitor,SKU-1064,500003,12,2379.96,198.33
2024-01-29 00:00:00,10074,Smart Air Fryer,SKU-1037,500004,1,559.17,559.17
2024-08-08 00:00:00,10002,Standing Desk,SKU-1065,500005,5,2939.55,587.91
2024-07-29 00:00:00,10079,Yoga Mat,SKU-1069,500006,3,1776.93,592.31
2024-04-02 00:00:00,10054,Standing Desk,SKU-1080,500007,10,7875.9,787.59
2024-11-08 00:00:00,10018,Indoor Pet Camera,SKU-1060,500008,3,1156.38,385.46
2024-12-15 00:00:00,10062,Indoor Pet Camera,SKU-1054,500009,14,10939.18,781.37
2024-10-25 00:00:00,10040,Standing Desk,SKU-1049,500010,4,747.6,186.9
2024-11-22 00:00:00,10042,Standing Desk,SKU-1049,500011,3,473.01,157.67
2024-12-07 00:00:00,10071,Indoor Pet Camera,SKU-1084,500012,5,996.3,199.26
2024-08-26 00:00:00,10099,Gaming Mouse,SKU-1072,500013,1,139.62,139.62
2024-10-06 00:00:00,10045,Standing Desk,SKU-1065,500014,15,8417.85,561.19
2025-04-28 00:00:00,10048,Wireless Keyboard,SKU-1048,500015,3,112.62,37.54
2024-06-02 00:00:00,10035,Yoga Mat,SKU-1093,500016,6,1897.38,316.23
2024-12-19 00:00:00,10040,Standing Desk,SKU-1065,500017,11,8971.6,815.6
2024-06-03 00:00:00,10008,Indoor Pet Camera,SKU-1060,500018,5,2322.2,464.44
2025-03-12 00:00:00,10054,Gaming Mouse,SKU-1021,500019,4,1554.44,388.61
2024-07-14 00:00:00,10058,Wireless Keyboard,SKU-1031,500020,8,1255.44,156.93
2024-05-31 00:00:00,10066,LED Monitor,SKU-1022,500021,10,5672.0,567.2
2025-05-15 00:00:00,10042,Gaming Mouse,SKU-1089,500022,12,8245.8,687.15
2024-05-20 00:00:00,10063,Smart Air Fryer,SKU-1095,500023,14,9106.3,650.45
2024-12-17 00:00:00,10008,Yoga Mat,SKU-1009,500024,1,57.3,57.3
2024-01-26 00:00:00,10011,Gaming Mouse,SKU-1079,500025,13,8489.78,653.06
2024-09-11 00:00:00,10063,Smart Air Fryer,SKU-1026,500026,15,3469.05,231.27
2024-05-26 00:00:00,10097,Camping Tent,SKU-1081,500027,14,9051.28,646.52
2024-11-06 00:00:00,10052,Smart Air Fryer,SKU-1026,500028,13,3326.83,255.91
2024-11-21 00:00:00,10010,Standing Desk,SKU-1099,500029,13,7466.03,574.31
2024-12-13 00:00:00,10098,Bluetooth Speaker,SKU-1052,500030,4,1878.28,469.57
2024-12-03 00:00:00,10022,Yoga Mat,SKU-1009,500031,13,810.29,62.33
2024-11-17 00:00:00,10097,Indoor Pet Camera,SKU-1036,500032,11,4116.86,374.26
2024-11-26 00:00:00,10080,Camping Tent,SKU-1010,500033,2,1828.2,914.1
2024-08-13 00:00:00,10012,Smart Air Fryer,SKU-1051,500034,1,474.36,474.36
2025-01-09 00:00:00,10015,Wireless Keyboard,SKU-1048,500035,1,52.44,52.44
2024-05-31 00:00:00,10006,Bluetooth Speaker,SKU-1052,500036,3,998.1,332.7
2024-03-30 00:00:00,10001,Camping Tent,SKU-1042,500037,6,129.24,21.54
2024-10-03 00:00:00,10048,Standing Desk,SKU-1029,500038,4,2478.72,619.68
2024-09-28 00:00:00,10019,Smart Air Fryer,SKU-1020,500039,15,14064.15,937.61
2025-03-01 00:00:00,10080,LED Monitor,SKU-1075,500040,9,6796.35,755.15
2025-02-26 00:00:00,10061,Gaming Mouse,SKU-1079,500041,3,1467.84,489.28
2024-05-31 00:00:00,10051,Standing Desk,SKU-1067,500042,8,2995.68,374.46
2025-02-15 00:00:00,10020,Camping Tent,SKU-1091,500043,12,6918.24,576.52
2024-02-08 00:00:00,10051,Camping Tent,SKU-1019,500044,2,662.46,331.23
2024-04-25 00:00:00,10069,Gaming Mouse,SKU-1017,500045,3,1205.97,401.99
2024-12-11 00:00:00,10018,LED Monitor,SKU-1030,500046,14,8908.48,636.32
2025-02-15 00:00:00,10056,Wireless Keyboard,SKU-1014,500047,7,3133.83,447.69
2025-02-08 00:00:00,10095,Coffee Maker,SKU-1003,500048,9,5085.09,565.01
2024-10-01 00:00:00,10046,Gaming Mouse,SKU-1038,500049,7,2317.91,331.13
2024-12-10 00:00:00,10030,Gaming Mouse,SKU-1072,500050,2,220.16,110.08
2024-10-26 00:00:00,10049,Smart Air Fryer,SKU-1051,500051,12,7063.32,588.61
2025-04-26 00:00:00,10006,Bluetooth Speaker,SKU-1005,500052,7,1220.03,174.29
2024-04-29 00:00:00,10083,Standing Desk,SKU-1067,500053,6,1356.24,226.04
2025-03-28 00:00:00,10035,Wireless Keyboard,SKU-1074,500054,8,2553.92,319.24
2024-11-08 00:00:00,10047,Yoga Mat,SKU-1057,500055,9,1509.39,167.71
2024-11-21 00:00:00,10080,Smart Air Fryer,SKU-1040,500056,4,3692.72,923.18
2024-12-24 00:00:00,10083,Bluetooth Speaker,SKU-1076,500057,14,1031.94,73.71
2024-02-29 00:00:00,10071,Coffee Maker,SKU-1041,500058,5,2292.7,458.54
2024-01-20 00:00:00,10033,Camping Tent,SKU-1042,500059,3,41.31,13.77
2024-02-29 00:00:00,10057,Smart Air Fryer,SKU-1026,500060,5,1405.7,281.14
2024-10-02 00:00:00,10079,Smart Air Fryer,SKU-1011,500061,2,528.24,264.12
2024-07-08 00:00:00,10041,Gaming Mouse,SKU-1038,500062,3,1300.05,433.35
2024-12-22 00:00:00,10055,Smart Air Fryer,SKU-1037,500063,11,8672.84,788.44
2025-01-15 00:00:00,10068,Gaming Mouse,SKU-1072,500064,9,969.3,107.7
2024-07-31 00:00:00,10002,Yoga Mat,SKU-1012,500065,12,2112.36,176.03
2024-09-07 00:00:00,10014,Gaming Mouse,SKU-1094,500066,11,2381.39,216.49
2025-05-02 00:00:00,10056,Smart Air Fryer,SKU-1083,500067,10,5391.9,539.19
2024-07-08 00:00:00,10094,Indoor Pet Camera,SKU-1060,500068,5,1727.8,345.56
2025-05-01 00:00:00,10084,Bluetooth Speaker,SKU-1052,500069,4,1695.2,423.8
2024-02-20 00:00:00,10047,Indoor Pet Camera,SKU-1084,500070,4,987.2,246.8
2025-04-06 00:00:00,10043,Bluetooth Speaker,SKU-1050,500071,11,5846.83,531.53
2024-07-22 00:00:00,10043,Standing Desk,SKU-1029,500072,11,7975.55,725.05
2024-03-03 00:00:00,10004,Camping Tent,SKU-1091,500073,5,1935.05,387.01
2024-02-16 00:00:00,10094,Yoga Mat,SKU-1016,500074,14,3708.18,264.87
2024-11-23 00:00:00,10053,Smart Air Fryer,SKU-1087,500075,11,1278.53,116.23
2024-01-26 00:00:00,10016,LED Monitor,SKU-1022,500076,10,7899.1,789.91
2024-03-05 00:00:00,10077,Indoor Pet Camera,SKU-1054,500077,13,9842.95,757.15
2024-02-05 00:00:00,10090,Yoga Mat,SKU-1057,500078,13,2517.84,193.68
2024-04-16 00:00:00,10060,Indoor Pet Camera,SKU-1060,500079,14,7712.18,550.87
2025-03-21 00:00:00,10005,LED Monitor,SKU-1092,500080,10,1857.0,185.7
2024-03-16 00:00:00,10064,Yoga Mat,SKU-1056,500081,4,2285.36,571.34
2024-01-02 00:00:00,10022,Smart Air Fryer,SKU-1035,500082,13,6601.66,507.82
2024-03-15 00:00:00,10001,Yoga Mat,SKU-1055,500083,5,625.35,125.07
2025-02-12 00:00:00,10042,Gaming Mouse,SKU-1089,500084,3,2399.19,799.73
2025-03-19 00:00:00,10089,Standing Desk,SKU-1080,500085,3,1644.72,548.24
2024-07-02 00:00:00,10000,Yoga Mat,SKU-1055,500086,1,80.92,80.92
2024-10-28 00:00:00,10041,Gaming Mouse,SKU-1038,500087,13,7051.2,542.4
2024-05-15 00:00:00,10051,LED Monitor,SKU-1061,500088,6,3229.5,538.25
2024-08-03 00:00:00,10020,Smart Air Fryer,SKU-1011,500089,1,244.23,244.23
2024-02-02 00:00:00,10000,Yoga Mat,SKU-1056,500090,9,4419.18,491.02
2024-07-04 00:00:00,10018,Standing Desk,SKU-1080,500091,8,5518.8,689.85
2024-08-19 00:00:00,10087,Gaming Mouse,SKU-1021,500092,9,2852.28,316.92
2024-11-10 00:00:00,10060,Yoga Mat,SKU-1028,500093,9,3107.52,345.28
2025-04-10 00:00:00,10015,Indoor Pet Camera,SKU-1032,500094,1,26.06,26.06
2024-06-03 00:00:00,10006,Camping Tent,SKU-1019,500095,14,5166.98,369.07
2024-01-16 00:00:00,10082,Yoga Mat,SKU-1059,500096,8,2557.68,319.71
2025-03-09 00:00:00,10096,Indoor Pet Camera,SKU-1032,500097,1,29.72,29.72
2024-02-25 00:00:00,10044,Yoga Mat,SKU-1055,500098,7,691.67,98.81
2024-08-15 00:00:00,10098,LED Monitor,SKU-1077,500099,8,1087.28,135.91
