Stock Code,Weight,Landed Cost,Shipping_Cost_1000_mile,Description,Category
SKU-1000,16.17,22.26,17.38,Standing Desk,Pet Supplies
SKU-1001,18.54,341.58,45.15,Smart Air Fryer,Outdoor
SKU-1002,1.28,55.91,15.47,Wireless Keyboard,Electronics
SKU-1003,14.25,360.85,36.56,Coffee Maker,Furniture
SKU-1004,11.51,146.31,44.12,Gaming Mouse,Outdoor
SKU-1005,8.84,86.18,48.07,Bluetooth Speaker,Home Appliances
SKU-1006,2.77,57.39,43.14,Wireless Keyboard,Fitness
SKU-1007,20.27,367.57,29.13,Coffee Maker,Home Appliances
SKU-1008,14.02,416.41,32.83,Bluetooth Speaker,Furniture
SKU-1009,17.76,32.45,15.26,Yoga Mat,Home Appliances
SKU-1010,21.46,434.58,22.11,Camping Tent,Kitchen
SKU-1011,4.49,184.08,35.16,Smart Air Fryer,Pet Supplies
SKU-1012,13.59,129.96,25.8,Yoga Mat,Furniture
SKU-1013,17.27,423.0,39.92,Standing Desk,Electronics
SKU-1014,20.22,206.57,7.98,Wireless Keyboard,Kitchen
SKU-1015,5.71,254.62,44.81,Camping Tent,Pet Supplies
SKU-1016,6.99,130.85,30.26,Yoga Mat,Outdoor
SKU-1017,22.5,205.71,14.87,Gaming Mouse,Gaming
SKU-1018,2.73,33.09,9.93,Gaming Mouse,Outdoor
SKU-1019,15.11,198.54,31.81,Camping Tent,Fitness
SKU-1020,24.29,431.78,5.52,Smart Air Fryer,Fitness
SKU-1021,19.33,176.69,18.21,Gaming Mouse,Gaming
SKU-1022,0.58,363.83,37.39,LED Monitor,Pet Supplies
SKU-1023,12.94,62.14,33.14,LED Monitor,Furniture
SKU-1024,4.24,383.63,29.27,LED Monitor,Electronics
SKU-1025,15.17,249.42,10.03,Bluetooth Speaker,Fitness
SKU-1026,6.37,128.03,30.53,Smart Air Fryer,Home Appliances
SKU-1027,18.43,409.85,49.01,LED Monitor,Pet Supplies
SKU-1028,3.65,242.89,29.74,Yoga Mat,Outdoor
SKU-1029,24.13,465.17,38.99,Standing Desk,Fitness
SKU-1030,10.28,339.13,21.8,LED Monitor,Gaming
SKU-1031,3.46,120.1,20.21,Wireless Keyboard,Furniture
SKU-1032,14.92,13.52,36.85,Indoor Pet Camera,Furniture
SKU-1033,2.15,25.39,19.87,LED Monitor,Furniture
SKU-1034,7.32,247.85,29.27,Wireless Keyboard,Gaming
SKU-1035,6.45,241.76,23.32,Smart Air Fryer,Home Appliances
SKU-1036,16.65,183.61,23.5,Indoor Pet Camera,Home Appliances
SKU-1037,1.99,366.82,41.03,Smart Air Fryer,Furniture
SKU-1038,5.19,272.78,11.31,Gaming Mouse,Fitness
SKU-1039,11.83,438.5,8.39,LED Monitor,Home Appliances
SKU-1040,1.74,499.65,42.62,Smart Air Fryer,Furniture
SKU-1041,4.57,247.96,14.62,Coffee Maker,Electronics
SKU-1042,4.53,11.06,22.57,Camping Tent,Fitness
SKU-1043,10.86,479.09,49.79,LED Monitor,Gaming
SKU-1044,4.29,155.39,48.59,Wireless Keyboard,Electronics
SKU-1045,18.83,38.01,31.29,LED Monitor,Pet Supplies
SKU-1046,1.89,258.84,43.31,Smart Air Fryer,Home Appliances
SKU-1047,17.04,125.25,10.39,Wireless Keyboard,Furniture
SKU-1048,14.68,29.47,8.69,Wireless Keyboard,Kitchen
SKU-1049,23.4,110.09,37.23,Standing Desk,Fitness
SKU-1050,10.2,339.13,18.5,Bluetooth Speaker,Home Appliances
SKU-1051,0.73,314.37,30.33,Smart Air Fryer,Home Appliances
SKU-1052,13.67,257.88,10.96,Bluetooth Speaker,Home Appliances
SKU-1053,22.04,191.07,12.1,LED Monitor,Fitness
SKU-1054,15.49,493.74,34.43,Indoor Pet Camera,Fitness
SKU-1055,23.33,60.76,44.52,Yoga Mat,Home Appliances
SKU-1056,22.3,373.78,12.0,Yoga Mat,Furniture
SKU-1057,18.08,109.76,33.54,Yoga Mat,Gaming
SKU-1058,6.65,455.0,7.29,Coffee Maker,Fitness
SKU-1059,1.58,173.44,10.89,Yoga Mat,Pet Supplies
SKU-1060,18.66,280.32,24.25,Indoor Pet Camera,Home Appliances
SKU-1061,2.34,442.72,45.68,LED Monitor,Electronics
SKU-1062,20.95,295.43,11.66,Gaming Mouse,Electronics
SKU-1063,8.05,450.5,40.83,Indoor Pet Camera,Kitchen
SKU-1064,5.65,132.27,9.63,LED Monitor,Outdoor
SKU-1065,24.36,377.24,46.66,Standing Desk,Pet Supplies
SKU-1066,24.42,407.28,44.66,Indoor Pet Camera,Pet Supplies
SKU-1067,18.55,172.77,46.89,Standing Desk,Fitness
SKU-1068,4.4,353.63,22.21,Indoor Pet Camera,Gaming
SKU-1069,5.95,410.13,25.71,Yoga Mat,Furniture
SKU-1070,5.96,333.42,22.93,Yoga Mat,Home Appliances
SKU-1071,24.19,146.77,33.87,Coffee Maker,Kitchen
SKU-1072,23.51,66.52,48.67,Gaming Mouse,Fitness
SKU-1073,1.44,302.32,20.56,Bluetooth Speaker,Outdoor
SKU-1074,15.35,260.6,22.33,Wireless Keyboard,Furniture
SKU-1075,6.74,357.3,5.08,LED Monitor,Furniture
SKU-1076,9.42,44.29,34.89,Bluetooth Speaker,Kitchen
SKU-1077,16.75,71.07,45.5,LED Monitor,Fitness
SKU-1078,16.84,169.83,36.37,LED Monitor,Pet Supplies
SKU-1079,5.2,335.82,22.06,Gaming Mouse,Fitness
SKU-1080,10.45,418.53,18.67,Standing Desk,Outdoor
SKU-1081,19.75,307.26,19.5,Camping Tent,Gaming
SKU-1082,17.05,260.48,40.72,Gaming Mouse,Home Appliances
SKU-1083,7.45,335.29,32.87,Smart Air Fryer,Furniture
SKU-1084,16.98,120.07,13.96,Indoor Pet Camera,Electronics
SKU-1085,6.5,242.82,43.24,Smart Air Fryer,Gaming
SKU-1086,10.65,318.59,13.75,Coffee Maker,Gaming
SKU-1087,10.29,82.31,35.94,Smart Air Fryer,Outdoor
SKU-1088,5.86,404.01,36.32,Camping Tent,Electronics
SKU-1089,14.16,459.56,10.46,Gaming Mouse,Gaming
SKU-1090,16.86,494.07,31.8,Camping Tent,Outdoor
SKU-1091,20.85,278.46,45.37,Camping Tent,Gaming
SKU-1092,6.85,131.15,33.69,LED Monitor,Gaming
SKU-1093,15.86,144.55,8.49,Yoga Mat,Furniture
SKU-1094,7.16,166.66,29.31,Gaming Mouse,Pet Supplies
SKU-1095,6.17,350.04,36.79,Smart Air Fryer,Outdoor
SKU-1096,10.49,275.88,23.71,Standing Desk,Outdoor
SKU-1097,10.04,387.2,47.57,Indoor Pet Camera,Outdoor
SKU-1098,12.19,471.94,18.44,Coffee Maker,Outdoor
SKU-1099,13.69,369.97,40.99,Standing Desk,Gaming
