Customer ID,Order City,Order Postal,Order State,Latitude,Longitude
10000,North Ronaldview,82079,Florida,31.550447,-96.318406
10001,North Brian,97839,Arizona,33.067109,-85.288913
10002,South Tracyside,39811,Arizona,42.380353,-76.091177
10003,Port Katrina,77073,New York,48.537327,-93.554953
10004,Richardbury,56556,Arizona,39.205427,-86.209014
10005,Kennethview,49067,Texas,40.425992,-116.265129
10006,Oliviachester,69698,Colorado,29.361497,-109.17109
10007,East William,08458,Washington,30.079847,-105.369789
10008,Kathrynstad,98761,Arizona,31.678159,-69.781365
10009,Lake Johnfurt,92207,Arizona,31.054517,-119.331345
10010,Vickimouth,23761,California,42.976582,-121.03112
10011,Rickymouth,19763,Washington,30.381332,-120.088753
10012,Reidport,41528,California,43.101597,-69.872131
10013,Davidstad,35324,Florida,45.141492,-88.583868
10014,Huberside,08402,Florida,28.029303,-85.840846
10015,Popeborough,68476,Ohio,47.746169,-97.493063
10016,Connorland,14281,Illinois,43.405554,-114.436019
10017,West Ethan,73467,Ohio,48.129634,-83.053638
10018,East Crystalbury,93573,New York,48.153299,-117.838371
10019,New Patrick,49891,California,47.293292,-91.179586
10020,Port David,31771,Arizona,34.519707,-83.244162
10021,East Shannonberg,45235,Texas,39.210349,-76.657417
10022,Hutchinsonmouth,42714,Florida,27.445631,-79.96859
10023,Teresabury,78316,Ohio,44.332671,-78.615049
10024,Aaronburgh,16090,Ohio,43.783248,-104.209385
10025,West Michelle,79934,Arizona,40.876512,-120.069466
10026,Chapmanshire,16709,Washington,25.303652,-100.056652
10027,East Anthonyland,38902,Colorado,27.532933,-69.235109
10028,Lake Alejandromouth,72487,Colorado,41.975407,-99.177233
10029,Garciaview,08380,Georgia,48.17137,-108.605303
10030,Torresmouth,95837,Georgia,43.591395,-97.502195
10031,East Zacharyburgh,63981,Ohio,31.441493,-75.45235
10032,Fordstad,92606,Texas,31.694278,-98.304286
10033,Olsonville,14939,Colorado,38.676391,-85.913257
10034,Brownville,23335,Washington,25.6888,-75.495688
10035,Nguyenchester,06465,New York,36.701198,-103.774977
10036,West Jamesland,01961,Illinois,33.168132,-73.821761
10037,Morganstad,26147,Illinois,38.338985,-94.552247
10038,Lake Nicholas,11900,Florida,27.054711,-82.955744
10039,Philliptown,14028,Colorado,38.324229,-110.301536
10040,Davisside,79868,Colorado,40.50167,-96.023184
10041,East Lisa,47369,California,27.23328,-111.369005
10042,Port Michael,99195,Florida,32.348945,-90.851332
10043,Heathhaven,61580,Colorado,38.283351,-104.405829
10044,Nancymouth,77101,Georgia,32.938991,-83.937268
10045,North Donna,75484,Illinois,32.358952,-110.859332
10046,South Amandaland,77956,Florida,32.573151,-81.655779
10047,West Katherineville,47127,New York,29.596983,-81.899535
10048,Mitchellport,24550,Illinois,42.39004,-68.3334
10049,Cynthiamouth,00894,Georgia,39.322978,-68.110894
10050,Juliaburgh,96996,Florida,32.109915,-103.429779
10051,Donnaborough,73354,Illinois,25.339561,-93.5543
10052,Lake Joel,27492,Illinois,26.092377,-120.892017
10053,Ramosfurt,62704,Illinois,41.738017,-116.802069
10054,Wilsonland,02871,Colorado,27.462104,-123.300872
10055,New Robert,45103,Illinois,36.265527,-98.893279
10056,North Gabrielle,32520,New York,48.171943,-109.608732
10057,Joshuachester,88364,Colorado,27.738091,-120.275424
10058,Brucemouth,19538,Colorado,26.777972,-88.121595
10059,Lake Ericahaven,56487,California,28.641448,-77.764902
10060,Reynoldsbury,53679,Illinois,27.044342,-109.853116
10061,Thomasmouth,69887,Georgia,43.346643,-89.439894
10062,Lake Jasmine,08568,Ohio,30.416491,-94.213365
10063,Westport,30581,Colorado,46.804105,-107.050871
10064,Weissshire,83421,Ohio,48.76075,-106.593326
10065,East Amanda,05725,Ohio,26.445527,-69.2738
10066,West Heather,37127,Texas,47.742165,-112.156089
10067,West Christopherhaven,11787,Florida,31.351507,-119.372314
10068,Hayleymouth,94251,Florida,29.171525,-119.721302
10069,Johnchester,15040,California,34.804422,-84.705845
10070,Smithport,75695,Colorado,31.990223,-110.805855
10071,New Johnmouth,96879,Illinois,41.871701,-98.120214
10072,South Brandon,79052,Florida,47.173865,-79.093802
10073,Petersonbury,26732,Ohio,40.868393,-70.780898
10074,Smithfurt,37718,Arizona,27.754631,-111.185861
10075,West Cathyport,48232,New York,46.801875,-76.882024
10076,South Kristyville,34499,Texas,26.431313,-78.820172
10077,Franklinchester,73862,Ohio,42.974985,-91.555198
10078,Brandonton,45421,Illinois,35.539683,-97.284216
10079,South Yolanda,97156,Illinois,41.793608,-70.267454
10080,Blairshire,46036,Georgia,37.959558,-99.047745
10081,Lake Amandafort,44810,Ohio,25.956659,-99.374366
10082,Port Bryan,46346,Washington,39.489127,-122.525701
10083,Reedburgh,78503,Florida,48.085866,-76.350359
10084,Carolynmouth,23266,Ohio,39.09095,-122.817509
10085,Gomezview,98724,Illinois,38.829928,-80.502787
10086,Port Raymond,97014,New York,36.29202,-86.863959
10087,North Amyborough,48415,Illinois,29.35574,-90.636211
10088,East Carla,72562,Colorado,48.257326,-97.209407
10089,Stacyburgh,38061,Arizona,32.999401,-85.80239
10090,Dustinburgh,37991,New York,32.915288,-84.460601
10091,Armstrongborough,12684,Illinois,40.902005,-101.174221
10092,Jeremyton,79047,Georgia,25.880731,-118.980592
10093,Patelhaven,77207,Illinois,32.758571,-68.699471
10094,Emilyview,80149,Arizona,45.757854,-76.979149
10095,North Christophertown,67555,California,40.783849,-93.072165
10096,Jennashire,17962,Arizona,26.300898,-94.448955
10097,East Marcus,87527,Ohio,43.154636,-88.351702
10098,Jonesside,78481,California,29.885398,-92.694481
10099,Emilyhaven,16561,Illinois,35.514786,-84.199748
